[0.000000] (-) TimerEvent: {}
[0.000148] (mecanum_drive_controller) JobQueued: {'identifier': 'mecanum_drive_controller', 'dependencies': OrderedDict()}
[0.000186] (yahboom_rosmaster_bringup) JobQueued: {'identifier': 'yahboom_rosmaster_bringup', 'dependencies': OrderedDict()}
[0.000210] (yahboom_rosmaster_description) JobQueued: {'identifier': 'yahboom_rosmaster_description', 'dependencies': OrderedDict()}
[0.000232] (yahboom_rosmaster_docking) JobQueued: {'identifier': 'yahboom_rosmaster_docking', 'dependencies': OrderedDict()}
[0.000248] (yahboom_rosmaster_gazebo) JobQueued: {'identifier': 'yahboom_rosmaster_gazebo', 'dependencies': OrderedDict()}
[0.000269] (yahboom_rosmaster_localization) JobQueued: {'identifier': 'yahboom_rosmaster_localization', 'dependencies': OrderedDict()}
[0.000289] (yahboom_rosmaster_msgs) JobQueued: {'identifier': 'yahboom_rosmaster_msgs', 'dependencies': OrderedDict()}
[0.000308] (yahboom_rosmaster_navigation) JobQueued: {'identifier': 'yahboom_rosmaster_navigation', 'dependencies': OrderedDict()}
[0.000327] (yahboom_rosmaster_system_tests) JobQueued: {'identifier': 'yahboom_rosmaster_system_tests', 'dependencies': OrderedDict([('yahboom_rosmaster_msgs', '/home/mo/yahboom_ws/install/yahboom_rosmaster_msgs')])}
[0.000350] (yahboom_rosmaster) JobQueued: {'identifier': 'yahboom_rosmaster', 'dependencies': OrderedDict([('yahboom_rosmaster_bringup', '/home/mo/yahboom_ws/install/yahboom_rosmaster_bringup'), ('yahboom_rosmaster_description', '/home/mo/yahboom_ws/install/yahboom_rosmaster_description'), ('yahboom_rosmaster_docking', '/home/mo/yahboom_ws/install/yahboom_rosmaster_docking'), ('yahboom_rosmaster_gazebo', '/home/mo/yahboom_ws/install/yahboom_rosmaster_gazebo'), ('yahboom_rosmaster_localization', '/home/mo/yahboom_ws/install/yahboom_rosmaster_localization'), ('yahboom_rosmaster_msgs', '/home/mo/yahboom_ws/install/yahboom_rosmaster_msgs'), ('yahboom_rosmaster_navigation', '/home/mo/yahboom_ws/install/yahboom_rosmaster_navigation'), ('yahboom_rosmaster_system_tests', '/home/mo/yahboom_ws/install/yahboom_rosmaster_system_tests')])}
[0.000927] (yahboom_rosmaster_msgs) JobStarted: {'identifier': 'yahboom_rosmaster_msgs'}
[0.011065] (yahboom_rosmaster_bringup) JobStarted: {'identifier': 'yahboom_rosmaster_bringup'}
[0.016245] (yahboom_rosmaster_description) JobStarted: {'identifier': 'yahboom_rosmaster_description'}
[0.021628] (yahboom_rosmaster_docking) JobStarted: {'identifier': 'yahboom_rosmaster_docking'}
[0.033482] (yahboom_rosmaster_msgs) JobProgress: {'identifier': 'yahboom_rosmaster_msgs', 'progress': 'cmake'}
[0.034471] (yahboom_rosmaster_msgs) Command: {'cmd': ['/usr/bin/cmake', '/home/mo/yahboom_ws/src/yahboom_rosmaster/yahboom_rosmaster_msgs', '-DCMAKE_INSTALL_PREFIX=/home/mo/yahboom_ws/install/yahboom_rosmaster_msgs'], 'cwd': '/home/mo/yahboom_ws/build/yahboom_rosmaster_msgs', 'env': OrderedDict([('LESSOPEN', '| /usr/bin/lesspipe %s'), ('LANGUAGE', 'en_US:en'), ('USER', 'mo'), ('LC_TIME', 'lzh_TW'), ('XDG_SESSION_TYPE', 'x11'), ('SHLVL', '1'), ('LD_LIBRARY_PATH', '/home/mo/yahboom_ws/install/yahboom_rosmaster_msgs/lib:/home/mo/yahboom_ws/install/mecanum_drive_controller/lib:/opt/ros/humble/opt/rviz_ogre_vendor/lib:/opt/ros/humble/lib/x86_64-linux-gnu:/opt/ros/humble/lib'), ('HOME', '/home/mo'), ('OLDPWD', '/home/mo/yahboom_ws'), ('DESKTOP_SESSION', 'ubuntu'), ('ROS_PYTHON_VERSION', '3'), ('GNOME_SHELL_SESSION_MODE', 'ubuntu'), ('GTK_MODULES', 'gail:atk-bridge'), ('LC_MONETARY', 'lzh_TW'), ('SYSTEMD_EXEC_PID', '171333'), ('DBUS_SESSION_BUS_ADDRESS', 'unix:path=/run/user/1000/bus'), ('COLORTERM', 'truecolor'), ('COLCON_PREFIX_PATH', '/home/mo/yahboom_ws/install'), ('ROS_DISTRO', 'humble'), ('GTK_IM_MODULE', 'ibus'), ('LOGNAME', 'mo'), ('_', '/usr/bin/colcon'), ('ROS_VERSION', '2'), ('XDG_SESSION_CLASS', 'user'), ('USERNAME', 'mo'), ('TERM', 'xterm-256color'), ('GNOME_DESKTOP_SESSION_ID', 'this-is-deprecated'), ('ROS_LOCALHOST_ONLY', '0'), ('WINDOWPATH', '2'), ('PATH', '/opt/ros/humble/bin:/usr/local/sbin:/usr/local/bin:/usr/sbin:/usr/bin:/sbin:/bin:/usr/games:/usr/local/games:/snap/bin:/snap/bin'), ('SESSION_MANAGER', 'local/mo:@/tmp/.ICE-unix/1328,unix/mo:/tmp/.ICE-unix/1328'), ('PAPERSIZE', 'a4'), ('XDG_MENU_PREFIX', 'gnome-'), ('LC_ADDRESS', 'lzh_TW'), ('GNOME_TERMINAL_SCREEN', '/org/gnome/Terminal/screen/335b0423_5fc8_467e_b388_bae527e73d68'), ('XDG_RUNTIME_DIR', '/run/user/1000'), ('DISPLAY', ':0'), ('LANG', 'en_US.UTF-8'), ('XDG_CURRENT_DESKTOP', 'ubuntu:GNOME'), ('LC_TELEPHONE', 'lzh_TW'), ('XMODIFIERS', '@im=ibus'), ('XDG_SESSION_DESKTOP', 'ubuntu'), ('XAUTHORITY', '/run/user/1000/gdm/Xauthority'), ('LS_COLORS', 'rs=0:di=01;34:ln=01;36:mh=00:pi=40;33:so=01;35:do=01;35:bd=40;33;01:cd=40;33;01:or=40;31;01:mi=00:su=37;41:sg=30;43:ca=30;41:tw=30;42:ow=34;42:st=37;44:ex=01;32:*.tar=01;31:*.tgz=01;31:*.arc=01;31:*.arj=01;31:*.taz=01;31:*.lha=01;31:*.lz4=01;31:*.lzh=01;31:*.lzma=01;31:*.tlz=01;31:*.txz=01;31:*.tzo=01;31:*.t7z=01;31:*.zip=01;31:*.z=01;31:*.dz=01;31:*.gz=01;31:*.lrz=01;31:*.lz=01;31:*.lzo=01;31:*.xz=01;31:*.zst=01;31:*.tzst=01;31:*.bz2=01;31:*.bz=01;31:*.tbz=01;31:*.tbz2=01;31:*.tz=01;31:*.deb=01;31:*.rpm=01;31:*.jar=01;31:*.war=01;31:*.ear=01;31:*.sar=01;31:*.rar=01;31:*.alz=01;31:*.ace=01;31:*.zoo=01;31:*.cpio=01;31:*.7z=01;31:*.rz=01;31:*.cab=01;31:*.wim=01;31:*.swm=01;31:*.dwm=01;31:*.esd=01;31:*.jpg=01;35:*.jpeg=01;35:*.mjpg=01;35:*.mjpeg=01;35:*.gif=01;35:*.bmp=01;35:*.pbm=01;35:*.pgm=01;35:*.ppm=01;35:*.tga=01;35:*.xbm=01;35:*.xpm=01;35:*.tif=01;35:*.tiff=01;35:*.png=01;35:*.svg=01;35:*.svgz=01;35:*.mng=01;35:*.pcx=01;35:*.mov=01;35:*.mpg=01;35:*.mpeg=01;35:*.m2v=01;35:*.mkv=01;35:*.webm=01;35:*.webp=01;35:*.ogm=01;35:*.mp4=01;35:*.m4v=01;35:*.mp4v=01;35:*.vob=01;35:*.qt=01;35:*.nuv=01;35:*.wmv=01;35:*.asf=01;35:*.rm=01;35:*.rmvb=01;35:*.flc=01;35:*.avi=01;35:*.fli=01;35:*.flv=01;35:*.gl=01;35:*.dl=01;35:*.xcf=01;35:*.xwd=01;35:*.yuv=01;35:*.cgm=01;35:*.emf=01;35:*.ogv=01;35:*.ogx=01;35:*.aac=00;36:*.au=00;36:*.flac=00;36:*.m4a=00;36:*.mid=00;36:*.midi=00;36:*.mka=00;36:*.mp3=00;36:*.mpc=00;36:*.ogg=00;36:*.ra=00;36:*.wav=00;36:*.oga=00;36:*.opus=00;36:*.spx=00;36:*.xspf=00;36:'), ('GNOME_TERMINAL_SERVICE', ':1.674'), ('SSH_AGENT_LAUNCHER', 'gnome-keyring'), ('SSH_AUTH_SOCK', '/run/user/1000/keyring/ssh'), ('AMENT_PREFIX_PATH', '/home/mo/yahboom_ws/install/yahboom_rosmaster:/home/mo/yahboom_ws/install/yahboom_rosmaster_system_tests:/home/mo/yahboom_ws/install/yahboom_rosmaster_navigation:/home/mo/yahboom_ws/install/yahboom_rosmaster_msgs:/home/mo/yahboom_ws/install/yahboom_rosmaster_localization:/home/mo/yahboom_ws/install/yahboom_rosmaster_gazebo:/home/mo/yahboom_ws/install/yahboom_rosmaster_description:/home/mo/yahboom_ws/install/yahboom_rosmaster_bringup:/home/mo/yahboom_ws/install/mecanum_drive_controller:/opt/ros/humble'), ('SHELL', '/bin/bash'), ('LC_NAME', 'lzh_TW'), ('QT_ACCESSIBILITY', '1'), ('GDMSESSION', 'ubuntu'), ('LESSCLOSE', '/usr/bin/lesspipe %s %s'), ('LC_MEASUREMENT', 'lzh_TW'), ('GPG_AGENT_INFO', '/run/user/1000/gnupg/S.gpg-agent:0:1'), ('LC_IDENTIFICATION', 'lzh_TW'), ('QT_IM_MODULE', 'ibus'), ('PWD', '/home/mo/yahboom_ws/build/yahboom_rosmaster_msgs'), ('XDG_CONFIG_DIRS', '/etc/xdg/xdg-ubuntu:/etc/xdg'), ('XDG_DATA_DIRS', '/usr/share/ubuntu:/usr/share/gnome:/usr/local/share/:/usr/share/:/var/lib/snapd/desktop'), ('PYTHONPATH', '/home/mo/yahboom_ws/install/yahboom_rosmaster_navigation/local/lib/python3.10/dist-packages:/home/mo/yahboom_ws/install/yahboom_rosmaster_msgs/local/lib/python3.10/dist-packages:/opt/ros/humble/lib/python3.10/site-packages:/opt/ros/humble/local/lib/python3.10/dist-packages'), ('LC_NUMERIC', 'lzh_TW'), ('LC_PAPER', 'lzh_TW'), ('COLCON', '1'), ('VTE_VERSION', '6800'), ('CMAKE_PREFIX_PATH', '/home/mo/yahboom_ws/install/yahboom_rosmaster:/home/mo/yahboom_ws/install/yahboom_rosmaster_system_tests:/home/mo/yahboom_ws/install/yahboom_rosmaster_navigation:/home/mo/yahboom_ws/install/yahboom_rosmaster_msgs:/home/mo/yahboom_ws/install/yahboom_rosmaster_localization:/home/mo/yahboom_ws/install/yahboom_rosmaster_gazebo:/home/mo/yahboom_ws/install/yahboom_rosmaster_description:/home/mo/yahboom_ws/install/yahboom_rosmaster_bringup:/home/mo/yahboom_ws/install/mecanum_drive_controller:/opt/ros/humble')]), 'shell': False}
[0.039185] (yahboom_rosmaster_bringup) JobProgress: {'identifier': 'yahboom_rosmaster_bringup', 'progress': 'cmake'}
[0.040708] (yahboom_rosmaster_bringup) Command: {'cmd': ['/usr/bin/cmake', '/home/mo/yahboom_ws/src/yahboom_rosmaster/yahboom_rosmaster_bringup', '-DCMAKE_INSTALL_PREFIX=/home/mo/yahboom_ws/install/yahboom_rosmaster_bringup'], 'cwd': '/home/mo/yahboom_ws/build/yahboom_rosmaster_bringup', 'env': OrderedDict([('LESSOPEN', '| /usr/bin/lesspipe %s'), ('LANGUAGE', 'en_US:en'), ('USER', 'mo'), ('LC_TIME', 'lzh_TW'), ('XDG_SESSION_TYPE', 'x11'), ('SHLVL', '1'), ('LD_LIBRARY_PATH', '/home/mo/yahboom_ws/install/yahboom_rosmaster_msgs/lib:/home/mo/yahboom_ws/install/mecanum_drive_controller/lib:/opt/ros/humble/opt/rviz_ogre_vendor/lib:/opt/ros/humble/lib/x86_64-linux-gnu:/opt/ros/humble/lib'), ('HOME', '/home/mo'), ('OLDPWD', '/home/mo/yahboom_ws'), ('DESKTOP_SESSION', 'ubuntu'), ('ROS_PYTHON_VERSION', '3'), ('GNOME_SHELL_SESSION_MODE', 'ubuntu'), ('GTK_MODULES', 'gail:atk-bridge'), ('LC_MONETARY', 'lzh_TW'), ('SYSTEMD_EXEC_PID', '171333'), ('DBUS_SESSION_BUS_ADDRESS', 'unix:path=/run/user/1000/bus'), ('COLORTERM', 'truecolor'), ('COLCON_PREFIX_PATH', '/home/mo/yahboom_ws/install'), ('ROS_DISTRO', 'humble'), ('GTK_IM_MODULE', 'ibus'), ('LOGNAME', 'mo'), ('_', '/usr/bin/colcon'), ('ROS_VERSION', '2'), ('XDG_SESSION_CLASS', 'user'), ('USERNAME', 'mo'), ('TERM', 'xterm-256color'), ('GNOME_DESKTOP_SESSION_ID', 'this-is-deprecated'), ('ROS_LOCALHOST_ONLY', '0'), ('WINDOWPATH', '2'), ('PATH', '/opt/ros/humble/bin:/usr/local/sbin:/usr/local/bin:/usr/sbin:/usr/bin:/sbin:/bin:/usr/games:/usr/local/games:/snap/bin:/snap/bin'), ('SESSION_MANAGER', 'local/mo:@/tmp/.ICE-unix/1328,unix/mo:/tmp/.ICE-unix/1328'), ('PAPERSIZE', 'a4'), ('XDG_MENU_PREFIX', 'gnome-'), ('LC_ADDRESS', 'lzh_TW'), ('GNOME_TERMINAL_SCREEN', '/org/gnome/Terminal/screen/335b0423_5fc8_467e_b388_bae527e73d68'), ('XDG_RUNTIME_DIR', '/run/user/1000'), ('DISPLAY', ':0'), ('LANG', 'en_US.UTF-8'), ('XDG_CURRENT_DESKTOP', 'ubuntu:GNOME'), ('LC_TELEPHONE', 'lzh_TW'), ('XMODIFIERS', '@im=ibus'), ('XDG_SESSION_DESKTOP', 'ubuntu'), ('XAUTHORITY', '/run/user/1000/gdm/Xauthority'), ('LS_COLORS', 'rs=0:di=01;34:ln=01;36:mh=00:pi=40;33:so=01;35:do=01;35:bd=40;33;01:cd=40;33;01:or=40;31;01:mi=00:su=37;41:sg=30;43:ca=30;41:tw=30;42:ow=34;42:st=37;44:ex=01;32:*.tar=01;31:*.tgz=01;31:*.arc=01;31:*.arj=01;31:*.taz=01;31:*.lha=01;31:*.lz4=01;31:*.lzh=01;31:*.lzma=01;31:*.tlz=01;31:*.txz=01;31:*.tzo=01;31:*.t7z=01;31:*.zip=01;31:*.z=01;31:*.dz=01;31:*.gz=01;31:*.lrz=01;31:*.lz=01;31:*.lzo=01;31:*.xz=01;31:*.zst=01;31:*.tzst=01;31:*.bz2=01;31:*.bz=01;31:*.tbz=01;31:*.tbz2=01;31:*.tz=01;31:*.deb=01;31:*.rpm=01;31:*.jar=01;31:*.war=01;31:*.ear=01;31:*.sar=01;31:*.rar=01;31:*.alz=01;31:*.ace=01;31:*.zoo=01;31:*.cpio=01;31:*.7z=01;31:*.rz=01;31:*.cab=01;31:*.wim=01;31:*.swm=01;31:*.dwm=01;31:*.esd=01;31:*.jpg=01;35:*.jpeg=01;35:*.mjpg=01;35:*.mjpeg=01;35:*.gif=01;35:*.bmp=01;35:*.pbm=01;35:*.pgm=01;35:*.ppm=01;35:*.tga=01;35:*.xbm=01;35:*.xpm=01;35:*.tif=01;35:*.tiff=01;35:*.png=01;35:*.svg=01;35:*.svgz=01;35:*.mng=01;35:*.pcx=01;35:*.mov=01;35:*.mpg=01;35:*.mpeg=01;35:*.m2v=01;35:*.mkv=01;35:*.webm=01;35:*.webp=01;35:*.ogm=01;35:*.mp4=01;35:*.m4v=01;35:*.mp4v=01;35:*.vob=01;35:*.qt=01;35:*.nuv=01;35:*.wmv=01;35:*.asf=01;35:*.rm=01;35:*.rmvb=01;35:*.flc=01;35:*.avi=01;35:*.fli=01;35:*.flv=01;35:*.gl=01;35:*.dl=01;35:*.xcf=01;35:*.xwd=01;35:*.yuv=01;35:*.cgm=01;35:*.emf=01;35:*.ogv=01;35:*.ogx=01;35:*.aac=00;36:*.au=00;36:*.flac=00;36:*.m4a=00;36:*.mid=00;36:*.midi=00;36:*.mka=00;36:*.mp3=00;36:*.mpc=00;36:*.ogg=00;36:*.ra=00;36:*.wav=00;36:*.oga=00;36:*.opus=00;36:*.spx=00;36:*.xspf=00;36:'), ('GNOME_TERMINAL_SERVICE', ':1.674'), ('SSH_AGENT_LAUNCHER', 'gnome-keyring'), ('SSH_AUTH_SOCK', '/run/user/1000/keyring/ssh'), ('AMENT_PREFIX_PATH', '/home/mo/yahboom_ws/install/yahboom_rosmaster:/home/mo/yahboom_ws/install/yahboom_rosmaster_system_tests:/home/mo/yahboom_ws/install/yahboom_rosmaster_navigation:/home/mo/yahboom_ws/install/yahboom_rosmaster_msgs:/home/mo/yahboom_ws/install/yahboom_rosmaster_localization:/home/mo/yahboom_ws/install/yahboom_rosmaster_gazebo:/home/mo/yahboom_ws/install/yahboom_rosmaster_description:/home/mo/yahboom_ws/install/yahboom_rosmaster_bringup:/home/mo/yahboom_ws/install/mecanum_drive_controller:/opt/ros/humble'), ('SHELL', '/bin/bash'), ('LC_NAME', 'lzh_TW'), ('QT_ACCESSIBILITY', '1'), ('GDMSESSION', 'ubuntu'), ('LESSCLOSE', '/usr/bin/lesspipe %s %s'), ('LC_MEASUREMENT', 'lzh_TW'), ('GPG_AGENT_INFO', '/run/user/1000/gnupg/S.gpg-agent:0:1'), ('LC_IDENTIFICATION', 'lzh_TW'), ('QT_IM_MODULE', 'ibus'), ('PWD', '/home/mo/yahboom_ws/build/yahboom_rosmaster_bringup'), ('XDG_CONFIG_DIRS', '/etc/xdg/xdg-ubuntu:/etc/xdg'), ('XDG_DATA_DIRS', '/usr/share/ubuntu:/usr/share/gnome:/usr/local/share/:/usr/share/:/var/lib/snapd/desktop'), ('PYTHONPATH', '/home/mo/yahboom_ws/install/yahboom_rosmaster_navigation/local/lib/python3.10/dist-packages:/home/mo/yahboom_ws/install/yahboom_rosmaster_msgs/local/lib/python3.10/dist-packages:/opt/ros/humble/lib/python3.10/site-packages:/opt/ros/humble/local/lib/python3.10/dist-packages'), ('LC_NUMERIC', 'lzh_TW'), ('LC_PAPER', 'lzh_TW'), ('COLCON', '1'), ('VTE_VERSION', '6800'), ('CMAKE_PREFIX_PATH', '/home/mo/yahboom_ws/install/yahboom_rosmaster:/home/mo/yahboom_ws/install/yahboom_rosmaster_system_tests:/home/mo/yahboom_ws/install/yahboom_rosmaster_navigation:/home/mo/yahboom_ws/install/yahboom_rosmaster_msgs:/home/mo/yahboom_ws/install/yahboom_rosmaster_localization:/home/mo/yahboom_ws/install/yahboom_rosmaster_gazebo:/home/mo/yahboom_ws/install/yahboom_rosmaster_description:/home/mo/yahboom_ws/install/yahboom_rosmaster_bringup:/home/mo/yahboom_ws/install/mecanum_drive_controller:/opt/ros/humble')]), 'shell': False}
[0.046206] (yahboom_rosmaster_description) JobProgress: {'identifier': 'yahboom_rosmaster_description', 'progress': 'cmake'}
[0.049462] (yahboom_rosmaster_description) Command: {'cmd': ['/usr/bin/cmake', '/home/mo/yahboom_ws/src/yahboom_rosmaster/yahboom_rosmaster_description', '-DCMAKE_INSTALL_PREFIX=/home/mo/yahboom_ws/install/yahboom_rosmaster_description'], 'cwd': '/home/mo/yahboom_ws/build/yahboom_rosmaster_description', 'env': OrderedDict([('LESSOPEN', '| /usr/bin/lesspipe %s'), ('LANGUAGE', 'en_US:en'), ('USER', 'mo'), ('LC_TIME', 'lzh_TW'), ('XDG_SESSION_TYPE', 'x11'), ('SHLVL', '1'), ('LD_LIBRARY_PATH', '/home/mo/yahboom_ws/install/yahboom_rosmaster_msgs/lib:/home/mo/yahboom_ws/install/mecanum_drive_controller/lib:/opt/ros/humble/opt/rviz_ogre_vendor/lib:/opt/ros/humble/lib/x86_64-linux-gnu:/opt/ros/humble/lib'), ('HOME', '/home/mo'), ('OLDPWD', '/home/mo/yahboom_ws'), ('DESKTOP_SESSION', 'ubuntu'), ('ROS_PYTHON_VERSION', '3'), ('GNOME_SHELL_SESSION_MODE', 'ubuntu'), ('GTK_MODULES', 'gail:atk-bridge'), ('LC_MONETARY', 'lzh_TW'), ('SYSTEMD_EXEC_PID', '171333'), ('DBUS_SESSION_BUS_ADDRESS', 'unix:path=/run/user/1000/bus'), ('COLORTERM', 'truecolor'), ('COLCON_PREFIX_PATH', '/home/mo/yahboom_ws/install'), ('ROS_DISTRO', 'humble'), ('GTK_IM_MODULE', 'ibus'), ('LOGNAME', 'mo'), ('_', '/usr/bin/colcon'), ('ROS_VERSION', '2'), ('XDG_SESSION_CLASS', 'user'), ('USERNAME', 'mo'), ('TERM', 'xterm-256color'), ('GNOME_DESKTOP_SESSION_ID', 'this-is-deprecated'), ('ROS_LOCALHOST_ONLY', '0'), ('WINDOWPATH', '2'), ('PATH', '/opt/ros/humble/bin:/usr/local/sbin:/usr/local/bin:/usr/sbin:/usr/bin:/sbin:/bin:/usr/games:/usr/local/games:/snap/bin:/snap/bin'), ('SESSION_MANAGER', 'local/mo:@/tmp/.ICE-unix/1328,unix/mo:/tmp/.ICE-unix/1328'), ('PAPERSIZE', 'a4'), ('XDG_MENU_PREFIX', 'gnome-'), ('LC_ADDRESS', 'lzh_TW'), ('GNOME_TERMINAL_SCREEN', '/org/gnome/Terminal/screen/335b0423_5fc8_467e_b388_bae527e73d68'), ('XDG_RUNTIME_DIR', '/run/user/1000'), ('DISPLAY', ':0'), ('LANG', 'en_US.UTF-8'), ('XDG_CURRENT_DESKTOP', 'ubuntu:GNOME'), ('LC_TELEPHONE', 'lzh_TW'), ('XMODIFIERS', '@im=ibus'), ('XDG_SESSION_DESKTOP', 'ubuntu'), ('XAUTHORITY', '/run/user/1000/gdm/Xauthority'), ('LS_COLORS', 'rs=0:di=01;34:ln=01;36:mh=00:pi=40;33:so=01;35:do=01;35:bd=40;33;01:cd=40;33;01:or=40;31;01:mi=00:su=37;41:sg=30;43:ca=30;41:tw=30;42:ow=34;42:st=37;44:ex=01;32:*.tar=01;31:*.tgz=01;31:*.arc=01;31:*.arj=01;31:*.taz=01;31:*.lha=01;31:*.lz4=01;31:*.lzh=01;31:*.lzma=01;31:*.tlz=01;31:*.txz=01;31:*.tzo=01;31:*.t7z=01;31:*.zip=01;31:*.z=01;31:*.dz=01;31:*.gz=01;31:*.lrz=01;31:*.lz=01;31:*.lzo=01;31:*.xz=01;31:*.zst=01;31:*.tzst=01;31:*.bz2=01;31:*.bz=01;31:*.tbz=01;31:*.tbz2=01;31:*.tz=01;31:*.deb=01;31:*.rpm=01;31:*.jar=01;31:*.war=01;31:*.ear=01;31:*.sar=01;31:*.rar=01;31:*.alz=01;31:*.ace=01;31:*.zoo=01;31:*.cpio=01;31:*.7z=01;31:*.rz=01;31:*.cab=01;31:*.wim=01;31:*.swm=01;31:*.dwm=01;31:*.esd=01;31:*.jpg=01;35:*.jpeg=01;35:*.mjpg=01;35:*.mjpeg=01;35:*.gif=01;35:*.bmp=01;35:*.pbm=01;35:*.pgm=01;35:*.ppm=01;35:*.tga=01;35:*.xbm=01;35:*.xpm=01;35:*.tif=01;35:*.tiff=01;35:*.png=01;35:*.svg=01;35:*.svgz=01;35:*.mng=01;35:*.pcx=01;35:*.mov=01;35:*.mpg=01;35:*.mpeg=01;35:*.m2v=01;35:*.mkv=01;35:*.webm=01;35:*.webp=01;35:*.ogm=01;35:*.mp4=01;35:*.m4v=01;35:*.mp4v=01;35:*.vob=01;35:*.qt=01;35:*.nuv=01;35:*.wmv=01;35:*.asf=01;35:*.rm=01;35:*.rmvb=01;35:*.flc=01;35:*.avi=01;35:*.fli=01;35:*.flv=01;35:*.gl=01;35:*.dl=01;35:*.xcf=01;35:*.xwd=01;35:*.yuv=01;35:*.cgm=01;35:*.emf=01;35:*.ogv=01;35:*.ogx=01;35:*.aac=00;36:*.au=00;36:*.flac=00;36:*.m4a=00;36:*.mid=00;36:*.midi=00;36:*.mka=00;36:*.mp3=00;36:*.mpc=00;36:*.ogg=00;36:*.ra=00;36:*.wav=00;36:*.oga=00;36:*.opus=00;36:*.spx=00;36:*.xspf=00;36:'), ('GNOME_TERMINAL_SERVICE', ':1.674'), ('SSH_AGENT_LAUNCHER', 'gnome-keyring'), ('SSH_AUTH_SOCK', '/run/user/1000/keyring/ssh'), ('AMENT_PREFIX_PATH', '/home/mo/yahboom_ws/install/yahboom_rosmaster:/home/mo/yahboom_ws/install/yahboom_rosmaster_system_tests:/home/mo/yahboom_ws/install/yahboom_rosmaster_navigation:/home/mo/yahboom_ws/install/yahboom_rosmaster_msgs:/home/mo/yahboom_ws/install/yahboom_rosmaster_localization:/home/mo/yahboom_ws/install/yahboom_rosmaster_gazebo:/home/mo/yahboom_ws/install/yahboom_rosmaster_description:/home/mo/yahboom_ws/install/yahboom_rosmaster_bringup:/home/mo/yahboom_ws/install/mecanum_drive_controller:/opt/ros/humble'), ('SHELL', '/bin/bash'), ('LC_NAME', 'lzh_TW'), ('QT_ACCESSIBILITY', '1'), ('GDMSESSION', 'ubuntu'), ('LESSCLOSE', '/usr/bin/lesspipe %s %s'), ('LC_MEASUREMENT', 'lzh_TW'), ('GPG_AGENT_INFO', '/run/user/1000/gnupg/S.gpg-agent:0:1'), ('LC_IDENTIFICATION', 'lzh_TW'), ('QT_IM_MODULE', 'ibus'), ('PWD', '/home/mo/yahboom_ws/build/yahboom_rosmaster_description'), ('XDG_CONFIG_DIRS', '/etc/xdg/xdg-ubuntu:/etc/xdg'), ('XDG_DATA_DIRS', '/usr/share/ubuntu:/usr/share/gnome:/usr/local/share/:/usr/share/:/var/lib/snapd/desktop'), ('PYTHONPATH', '/home/mo/yahboom_ws/install/yahboom_rosmaster_navigation/local/lib/python3.10/dist-packages:/home/mo/yahboom_ws/install/yahboom_rosmaster_msgs/local/lib/python3.10/dist-packages:/opt/ros/humble/lib/python3.10/site-packages:/opt/ros/humble/local/lib/python3.10/dist-packages'), ('LC_NUMERIC', 'lzh_TW'), ('LC_PAPER', 'lzh_TW'), ('COLCON', '1'), ('VTE_VERSION', '6800'), ('CMAKE_PREFIX_PATH', '/home/mo/yahboom_ws/install/yahboom_rosmaster:/home/mo/yahboom_ws/install/yahboom_rosmaster_system_tests:/home/mo/yahboom_ws/install/yahboom_rosmaster_navigation:/home/mo/yahboom_ws/install/yahboom_rosmaster_msgs:/home/mo/yahboom_ws/install/yahboom_rosmaster_localization:/home/mo/yahboom_ws/install/yahboom_rosmaster_gazebo:/home/mo/yahboom_ws/install/yahboom_rosmaster_description:/home/mo/yahboom_ws/install/yahboom_rosmaster_bringup:/home/mo/yahboom_ws/install/mecanum_drive_controller:/opt/ros/humble')]), 'shell': False}
[0.057513] (yahboom_rosmaster_docking) JobProgress: {'identifier': 'yahboom_rosmaster_docking', 'progress': 'cmake'}
[0.057588] (yahboom_rosmaster_docking) Command: {'cmd': ['/usr/bin/cmake', '/home/mo/yahboom_ws/src/yahboom_rosmaster/yahboom_rosmaster_docking', '-DCMAKE_INSTALL_PREFIX=/home/mo/yahboom_ws/install/yahboom_rosmaster_docking'], 'cwd': '/home/mo/yahboom_ws/build/yahboom_rosmaster_docking', 'env': OrderedDict([('LESSOPEN', '| /usr/bin/lesspipe %s'), ('LANGUAGE', 'en_US:en'), ('USER', 'mo'), ('LC_TIME', 'lzh_TW'), ('XDG_SESSION_TYPE', 'x11'), ('SHLVL', '1'), ('LD_LIBRARY_PATH', '/home/mo/yahboom_ws/install/yahboom_rosmaster_msgs/lib:/home/mo/yahboom_ws/install/mecanum_drive_controller/lib:/opt/ros/humble/opt/rviz_ogre_vendor/lib:/opt/ros/humble/lib/x86_64-linux-gnu:/opt/ros/humble/lib'), ('HOME', '/home/mo'), ('OLDPWD', '/home/mo/yahboom_ws'), ('DESKTOP_SESSION', 'ubuntu'), ('ROS_PYTHON_VERSION', '3'), ('GNOME_SHELL_SESSION_MODE', 'ubuntu'), ('GTK_MODULES', 'gail:atk-bridge'), ('LC_MONETARY', 'lzh_TW'), ('SYSTEMD_EXEC_PID', '171333'), ('DBUS_SESSION_BUS_ADDRESS', 'unix:path=/run/user/1000/bus'), ('COLORTERM', 'truecolor'), ('COLCON_PREFIX_PATH', '/home/mo/yahboom_ws/install'), ('ROS_DISTRO', 'humble'), ('GTK_IM_MODULE', 'ibus'), ('LOGNAME', 'mo'), ('_', '/usr/bin/colcon'), ('ROS_VERSION', '2'), ('XDG_SESSION_CLASS', 'user'), ('USERNAME', 'mo'), ('TERM', 'xterm-256color'), ('GNOME_DESKTOP_SESSION_ID', 'this-is-deprecated'), ('ROS_LOCALHOST_ONLY', '0'), ('WINDOWPATH', '2'), ('PATH', '/opt/ros/humble/bin:/usr/local/sbin:/usr/local/bin:/usr/sbin:/usr/bin:/sbin:/bin:/usr/games:/usr/local/games:/snap/bin:/snap/bin'), ('SESSION_MANAGER', 'local/mo:@/tmp/.ICE-unix/1328,unix/mo:/tmp/.ICE-unix/1328'), ('PAPERSIZE', 'a4'), ('XDG_MENU_PREFIX', 'gnome-'), ('LC_ADDRESS', 'lzh_TW'), ('GNOME_TERMINAL_SCREEN', '/org/gnome/Terminal/screen/335b0423_5fc8_467e_b388_bae527e73d68'), ('XDG_RUNTIME_DIR', '/run/user/1000'), ('DISPLAY', ':0'), ('LANG', 'en_US.UTF-8'), ('XDG_CURRENT_DESKTOP', 'ubuntu:GNOME'), ('LC_TELEPHONE', 'lzh_TW'), ('XMODIFIERS', '@im=ibus'), ('XDG_SESSION_DESKTOP', 'ubuntu'), ('XAUTHORITY', '/run/user/1000/gdm/Xauthority'), ('LS_COLORS', 'rs=0:di=01;34:ln=01;36:mh=00:pi=40;33:so=01;35:do=01;35:bd=40;33;01:cd=40;33;01:or=40;31;01:mi=00:su=37;41:sg=30;43:ca=30;41:tw=30;42:ow=34;42:st=37;44:ex=01;32:*.tar=01;31:*.tgz=01;31:*.arc=01;31:*.arj=01;31:*.taz=01;31:*.lha=01;31:*.lz4=01;31:*.lzh=01;31:*.lzma=01;31:*.tlz=01;31:*.txz=01;31:*.tzo=01;31:*.t7z=01;31:*.zip=01;31:*.z=01;31:*.dz=01;31:*.gz=01;31:*.lrz=01;31:*.lz=01;31:*.lzo=01;31:*.xz=01;31:*.zst=01;31:*.tzst=01;31:*.bz2=01;31:*.bz=01;31:*.tbz=01;31:*.tbz2=01;31:*.tz=01;31:*.deb=01;31:*.rpm=01;31:*.jar=01;31:*.war=01;31:*.ear=01;31:*.sar=01;31:*.rar=01;31:*.alz=01;31:*.ace=01;31:*.zoo=01;31:*.cpio=01;31:*.7z=01;31:*.rz=01;31:*.cab=01;31:*.wim=01;31:*.swm=01;31:*.dwm=01;31:*.esd=01;31:*.jpg=01;35:*.jpeg=01;35:*.mjpg=01;35:*.mjpeg=01;35:*.gif=01;35:*.bmp=01;35:*.pbm=01;35:*.pgm=01;35:*.ppm=01;35:*.tga=01;35:*.xbm=01;35:*.xpm=01;35:*.tif=01;35:*.tiff=01;35:*.png=01;35:*.svg=01;35:*.svgz=01;35:*.mng=01;35:*.pcx=01;35:*.mov=01;35:*.mpg=01;35:*.mpeg=01;35:*.m2v=01;35:*.mkv=01;35:*.webm=01;35:*.webp=01;35:*.ogm=01;35:*.mp4=01;35:*.m4v=01;35:*.mp4v=01;35:*.vob=01;35:*.qt=01;35:*.nuv=01;35:*.wmv=01;35:*.asf=01;35:*.rm=01;35:*.rmvb=01;35:*.flc=01;35:*.avi=01;35:*.fli=01;35:*.flv=01;35:*.gl=01;35:*.dl=01;35:*.xcf=01;35:*.xwd=01;35:*.yuv=01;35:*.cgm=01;35:*.emf=01;35:*.ogv=01;35:*.ogx=01;35:*.aac=00;36:*.au=00;36:*.flac=00;36:*.m4a=00;36:*.mid=00;36:*.midi=00;36:*.mka=00;36:*.mp3=00;36:*.mpc=00;36:*.ogg=00;36:*.ra=00;36:*.wav=00;36:*.oga=00;36:*.opus=00;36:*.spx=00;36:*.xspf=00;36:'), ('GNOME_TERMINAL_SERVICE', ':1.674'), ('SSH_AGENT_LAUNCHER', 'gnome-keyring'), ('SSH_AUTH_SOCK', '/run/user/1000/keyring/ssh'), ('AMENT_PREFIX_PATH', '/home/mo/yahboom_ws/install/yahboom_rosmaster:/home/mo/yahboom_ws/install/yahboom_rosmaster_system_tests:/home/mo/yahboom_ws/install/yahboom_rosmaster_navigation:/home/mo/yahboom_ws/install/yahboom_rosmaster_msgs:/home/mo/yahboom_ws/install/yahboom_rosmaster_localization:/home/mo/yahboom_ws/install/yahboom_rosmaster_gazebo:/home/mo/yahboom_ws/install/yahboom_rosmaster_description:/home/mo/yahboom_ws/install/yahboom_rosmaster_bringup:/home/mo/yahboom_ws/install/mecanum_drive_controller:/opt/ros/humble'), ('SHELL', '/bin/bash'), ('LC_NAME', 'lzh_TW'), ('QT_ACCESSIBILITY', '1'), ('GDMSESSION', 'ubuntu'), ('LESSCLOSE', '/usr/bin/lesspipe %s %s'), ('LC_MEASUREMENT', 'lzh_TW'), ('GPG_AGENT_INFO', '/run/user/1000/gnupg/S.gpg-agent:0:1'), ('LC_IDENTIFICATION', 'lzh_TW'), ('QT_IM_MODULE', 'ibus'), ('PWD', '/home/mo/yahboom_ws/build/yahboom_rosmaster_docking'), ('XDG_CONFIG_DIRS', '/etc/xdg/xdg-ubuntu:/etc/xdg'), ('XDG_DATA_DIRS', '/usr/share/ubuntu:/usr/share/gnome:/usr/local/share/:/usr/share/:/var/lib/snapd/desktop'), ('PYTHONPATH', '/home/mo/yahboom_ws/install/yahboom_rosmaster_navigation/local/lib/python3.10/dist-packages:/home/mo/yahboom_ws/install/yahboom_rosmaster_msgs/local/lib/python3.10/dist-packages:/opt/ros/humble/lib/python3.10/site-packages:/opt/ros/humble/local/lib/python3.10/dist-packages'), ('LC_NUMERIC', 'lzh_TW'), ('LC_PAPER', 'lzh_TW'), ('COLCON', '1'), ('VTE_VERSION', '6800'), ('CMAKE_PREFIX_PATH', '/home/mo/yahboom_ws/install/yahboom_rosmaster:/home/mo/yahboom_ws/install/yahboom_rosmaster_system_tests:/home/mo/yahboom_ws/install/yahboom_rosmaster_navigation:/home/mo/yahboom_ws/install/yahboom_rosmaster_msgs:/home/mo/yahboom_ws/install/yahboom_rosmaster_localization:/home/mo/yahboom_ws/install/yahboom_rosmaster_gazebo:/home/mo/yahboom_ws/install/yahboom_rosmaster_description:/home/mo/yahboom_ws/install/yahboom_rosmaster_bringup:/home/mo/yahboom_ws/install/mecanum_drive_controller:/opt/ros/humble')]), 'shell': False}
[0.099768] (-) TimerEvent: {}
[0.200064] (-) TimerEvent: {}
[0.300831] (-) TimerEvent: {}
[0.401114] (-) TimerEvent: {}
[0.501391] (-) TimerEvent: {}
[0.601718] (-) TimerEvent: {}
[0.702463] (-) TimerEvent: {}
[0.802750] (-) TimerEvent: {}
[0.903263] (-) TimerEvent: {}
[1.003549] (-) TimerEvent: {}
[1.104177] (-) TimerEvent: {}
[1.204434] (-) TimerEvent: {}
[1.304731] (-) TimerEvent: {}
[1.404994] (-) TimerEvent: {}
[1.505678] (-) TimerEvent: {}
[1.606269] (-) TimerEvent: {}
[1.706557] (-) TimerEvent: {}
[1.806827] (-) TimerEvent: {}
[1.907081] (-) TimerEvent: {}
[2.007454] (-) TimerEvent: {}
[2.107740] (-) TimerEvent: {}
[2.208033] (-) TimerEvent: {}
[2.308336] (-) TimerEvent: {}
[2.408604] (-) TimerEvent: {}
[2.509252] (-) TimerEvent: {}
[2.609632] (-) TimerEvent: {}
[2.710476] (-) TimerEvent: {}
[2.810795] (-) TimerEvent: {}
[2.911053] (-) TimerEvent: {}
[3.011343] (-) TimerEvent: {}
[3.111619] (-) TimerEvent: {}
[3.212094] (-) TimerEvent: {}
[3.312605] (-) TimerEvent: {}
[3.392600] (yahboom_rosmaster_description) StdoutLine: {'line': b'-- The C compiler identification is GNU 11.4.0\n'}
[3.392823] (yahboom_rosmaster_msgs) StdoutLine: {'line': b'-- The C compiler identification is GNU 11.4.0\n'}
[3.404601] (yahboom_rosmaster_bringup) StdoutLine: {'line': b'-- The C compiler identification is GNU 11.4.0\n'}
[3.408085] (yahboom_rosmaster_docking) StdoutLine: {'line': b'-- The C compiler identification is GNU 11.4.0\n'}
[3.412776] (-) TimerEvent: {}
[3.513824] (-) TimerEvent: {}
[3.614448] (-) TimerEvent: {}
[3.715498] (-) TimerEvent: {}
[3.815780] (-) TimerEvent: {}
[3.916430] (-) TimerEvent: {}
[4.016703] (-) TimerEvent: {}
[4.117592] (-) TimerEvent: {}
[4.217879] (-) TimerEvent: {}
[4.318139] (-) TimerEvent: {}
[4.418425] (-) TimerEvent: {}
[4.518696] (-) TimerEvent: {}
[4.621318] (-) TimerEvent: {}
[4.677624] (yahboom_rosmaster_bringup) StdoutLine: {'line': b'-- The CXX compiler identification is GNU 11.4.0\n'}
[4.684845] (yahboom_rosmaster_description) StdoutLine: {'line': b'-- The CXX compiler identification is GNU 11.4.0\n'}
[4.695625] (yahboom_rosmaster_msgs) StdoutLine: {'line': b'-- The CXX compiler identification is GNU 11.4.0\n'}
[4.696212] (yahboom_rosmaster_docking) StdoutLine: {'line': b'-- The CXX compiler identification is GNU 11.4.0\n'}
[4.721832] (-) TimerEvent: {}
[4.743479] (yahboom_rosmaster_bringup) StdoutLine: {'line': b'-- Detecting C compiler ABI info\n'}
[4.743663] (yahboom_rosmaster_description) StdoutLine: {'line': b'-- Detecting C compiler ABI info\n'}
[4.744854] (yahboom_rosmaster_msgs) StdoutLine: {'line': b'-- Detecting C compiler ABI info\n'}
[4.746743] (yahboom_rosmaster_docking) StdoutLine: {'line': b'-- Detecting C compiler ABI info\n'}
[4.823591] (-) TimerEvent: {}
[4.924173] (-) TimerEvent: {}
[5.029473] (-) TimerEvent: {}
[5.112656] (yahboom_rosmaster_description) StdoutLine: {'line': b'-- Detecting C compiler ABI info - done\n'}
[5.115035] (yahboom_rosmaster_bringup) StdoutLine: {'line': b'-- Detecting C compiler ABI info - done\n'}
[5.115242] (yahboom_rosmaster_docking) StdoutLine: {'line': b'-- Detecting C compiler ABI info - done\n'}
[5.129574] (-) TimerEvent: {}
[5.130042] (yahboom_rosmaster_description) StdoutLine: {'line': b'-- Check for working C compiler: /usr/bin/cc - skipped\n'}
[5.132001] (yahboom_rosmaster_docking) StdoutLine: {'line': b'-- Check for working C compiler: /usr/bin/cc - skipped\n'}
[5.134593] (yahboom_rosmaster_msgs) StdoutLine: {'line': b'-- Detecting C compiler ABI info - done\n'}
[5.140687] (yahboom_rosmaster_bringup) StdoutLine: {'line': b'-- Check for working C compiler: /usr/bin/cc - skipped\n'}
[5.147836] (yahboom_rosmaster_docking) StdoutLine: {'line': b'-- Detecting C compile features\n'}
[5.148018] (yahboom_rosmaster_description) StdoutLine: {'line': b'-- Detecting C compile features\n'}
[5.148221] (yahboom_rosmaster_bringup) StdoutLine: {'line': b'-- Detecting C compile features\n'}
[5.149767] (yahboom_rosmaster_msgs) StdoutLine: {'line': b'-- Check for working C compiler: /usr/bin/cc - skipped\n'}
[5.150449] (yahboom_rosmaster_msgs) StdoutLine: {'line': b'-- Detecting C compile features\n'}
[5.155739] (yahboom_rosmaster_docking) StdoutLine: {'line': b'-- Detecting C compile features - done\n'}
[5.156292] (yahboom_rosmaster_bringup) StdoutLine: {'line': b'-- Detecting C compile features - done\n'}
[5.156380] (yahboom_rosmaster_msgs) StdoutLine: {'line': b'-- Detecting C compile features - done\n'}
[5.158256] (yahboom_rosmaster_description) StdoutLine: {'line': b'-- Detecting C compile features - done\n'}
[5.218318] (yahboom_rosmaster_docking) StdoutLine: {'line': b'-- Detecting CXX compiler ABI info\n'}
[5.218621] (yahboom_rosmaster_description) StdoutLine: {'line': b'-- Detecting CXX compiler ABI info\n'}
[5.219556] (yahboom_rosmaster_bringup) StdoutLine: {'line': b'-- Detecting CXX compiler ABI info\n'}
[5.229020] (yahboom_rosmaster_msgs) StdoutLine: {'line': b'-- Detecting CXX compiler ABI info\n'}
[5.229730] (-) TimerEvent: {}
[5.330203] (-) TimerEvent: {}
[5.431996] (-) TimerEvent: {}
[5.478220] (yahboom_rosmaster_docking) StdoutLine: {'line': b'-- Detecting CXX compiler ABI info - done\n'}
[5.498995] (yahboom_rosmaster_msgs) StdoutLine: {'line': b'-- Detecting CXX compiler ABI info - done\n'}
[5.502641] (yahboom_rosmaster_bringup) StdoutLine: {'line': b'-- Detecting CXX compiler ABI info - done\n'}
[5.503323] (yahboom_rosmaster_description) StdoutLine: {'line': b'-- Detecting CXX compiler ABI info - done\n'}
[5.508337] (yahboom_rosmaster_docking) StdoutLine: {'line': b'-- Check for working CXX compiler: /usr/bin/c++ - skipped\n'}
[5.508549] (yahboom_rosmaster_docking) StdoutLine: {'line': b'-- Detecting CXX compile features\n'}
[5.512058] (yahboom_rosmaster_docking) StdoutLine: {'line': b'-- Detecting CXX compile features - done\n'}
[5.519558] (yahboom_rosmaster_bringup) StdoutLine: {'line': b'-- Check for working CXX compiler: /usr/bin/c++ - skipped\n'}
[5.519717] (yahboom_rosmaster_msgs) StdoutLine: {'line': b'-- Check for working CXX compiler: /usr/bin/c++ - skipped\n'}
[5.520379] (yahboom_rosmaster_msgs) StdoutLine: {'line': b'-- Detecting CXX compile features\n'}
[5.520493] (yahboom_rosmaster_msgs) StdoutLine: {'line': b'-- Detecting CXX compile features - done\n'}
[5.520657] (yahboom_rosmaster_bringup) StdoutLine: {'line': b'-- Detecting CXX compile features\n'}
[5.520758] (yahboom_rosmaster_bringup) StdoutLine: {'line': b'-- Detecting CXX compile features - done\n'}
[5.521823] (yahboom_rosmaster_description) StdoutLine: {'line': b'-- Check for working CXX compiler: /usr/bin/c++ - skipped\n'}
[5.523861] (yahboom_rosmaster_description) StdoutLine: {'line': b'-- Detecting CXX compile features\n'}
[5.524344] (yahboom_rosmaster_description) StdoutLine: {'line': b'-- Detecting CXX compile features - done\n'}
[5.532134] (-) TimerEvent: {}
[5.634404] (-) TimerEvent: {}
[5.735602] (-) TimerEvent: {}
[5.835889] (-) TimerEvent: {}
[5.936238] (-) TimerEvent: {}
[6.050241] (-) TimerEvent: {}
[6.055755] (yahboom_rosmaster_description) StdoutLine: {'line': b'-- Found ament_cmake: 1.3.13 (/opt/ros/humble/share/ament_cmake/cmake)\n'}
[6.057103] (yahboom_rosmaster_bringup) StdoutLine: {'line': b'-- Found ament_cmake: 1.3.13 (/opt/ros/humble/share/ament_cmake/cmake)\n'}
[6.057244] (yahboom_rosmaster_docking) StdoutLine: {'line': b'-- Found ament_cmake: 1.3.13 (/opt/ros/humble/share/ament_cmake/cmake)\n'}
[6.057324] (yahboom_rosmaster_msgs) StdoutLine: {'line': b'-- Found ament_cmake: 1.3.13 (/opt/ros/humble/share/ament_cmake/cmake)\n'}
[6.150336] (-) TimerEvent: {}
[6.250603] (-) TimerEvent: {}
[6.352031] (-) TimerEvent: {}
[6.456391] (-) TimerEvent: {}
[6.556791] (-) TimerEvent: {}
[6.657174] (-) TimerEvent: {}
[6.661007] (yahboom_rosmaster_msgs) StdoutLine: {'line': b'-- Found Python3: /usr/bin/python3 (found version "3.10.12") found components: Interpreter \n'}
[6.677934] (yahboom_rosmaster_description) StdoutLine: {'line': b'-- Found Python3: /usr/bin/python3 (found version "3.10.12") found components: Interpreter \n'}
[6.685496] (yahboom_rosmaster_docking) StdoutLine: {'line': b'-- Found Python3: /usr/bin/python3 (found version "3.10.12") found components: Interpreter \n'}
[6.693422] (yahboom_rosmaster_bringup) StdoutLine: {'line': b'-- Found Python3: /usr/bin/python3 (found version "3.10.12") found components: Interpreter \n'}
[6.757219] (-) TimerEvent: {}
[6.857494] (-) TimerEvent: {}
[6.957795] (-) TimerEvent: {}
[7.058798] (-) TimerEvent: {}
[7.159150] (-) TimerEvent: {}
[7.260241] (-) TimerEvent: {}
[7.360826] (-) TimerEvent: {}
[7.461099] (-) TimerEvent: {}
[7.562305] (-) TimerEvent: {}
[7.662568] (-) TimerEvent: {}
[7.762774] (-) TimerEvent: {}
[7.863667] (-) TimerEvent: {}
[7.943929] (yahboom_rosmaster_bringup) StdoutLine: {'line': b'-- Found ament_lint_auto: 0.12.15 (/opt/ros/humble/share/ament_lint_auto/cmake)\n'}
[7.944225] (yahboom_rosmaster_docking) StdoutLine: {'line': b'-- Found geometry_msgs: 4.9.1 (/opt/ros/humble/share/geometry_msgs/cmake)\n'}
[7.963759] (-) TimerEvent: {}
[7.977603] (yahboom_rosmaster_msgs) StdoutLine: {'line': b'-- Found rosidl_default_generators: 1.2.0 (/opt/ros/humble/share/rosidl_default_generators/cmake)\n'}
[7.987924] (yahboom_rosmaster_description) StdoutLine: {'line': b'-- Found urdf_tutorial: 1.1.0 (/opt/ros/humble/share/urdf_tutorial/cmake)\n'}
[7.989965] (yahboom_rosmaster_description) StdoutLine: {'line': b'-- Found ament_lint_auto: 0.12.15 (/opt/ros/humble/share/ament_lint_auto/cmake)\n'}
[8.063939] (-) TimerEvent: {}
[8.164795] (-) TimerEvent: {}
[8.264393] (yahboom_rosmaster_msgs) StdoutLine: {'line': b'-- Using all available rosidl_typesupport_c: rosidl_typesupport_fastrtps_c;rosidl_typesupport_introspection_c\n'}
[8.264860] (-) TimerEvent: {}
[8.365171] (-) TimerEvent: {}
[8.465512] (-) TimerEvent: {}
[8.564942] (yahboom_rosmaster_msgs) StdoutLine: {'line': b'-- Found rosidl_adapter: 3.1.8 (/opt/ros/humble/share/rosidl_adapter/cmake)\n'}
[8.565578] (-) TimerEvent: {}
[8.665948] (-) TimerEvent: {}
[8.758335] (yahboom_rosmaster_bringup) StdoutLine: {'line': b"-- Added test 'flake8' to check Python code syntax and style conventions\n"}
[8.759468] (yahboom_rosmaster_description) StdoutLine: {'line': b"-- Added test 'flake8' to check Python code syntax and style conventions\n"}
[8.766048] (-) TimerEvent: {}
[8.781331] (yahboom_rosmaster_bringup) StdoutLine: {'line': b"-- Added test 'lint_cmake' to check CMake code style\n"}
[8.782051] (yahboom_rosmaster_description) StdoutLine: {'line': b"-- Added test 'lint_cmake' to check CMake code style\n"}
[8.792219] (yahboom_rosmaster_bringup) StdoutLine: {'line': b"-- Added test 'pep257' to check Python code against some of the docstring style conventions in PEP 257\n"}
[8.792374] (yahboom_rosmaster_description) StdoutLine: {'line': b"-- Added test 'pep257' to check Python code against some of the docstring style conventions in PEP 257\n"}
[8.812182] (yahboom_rosmaster_bringup) StdoutLine: {'line': b"-- Added test 'xmllint' to check XML markup files\n"}
[8.812378] (yahboom_rosmaster_description) StdoutLine: {'line': b"-- Added test 'xmllint' to check XML markup files\n"}
[8.844783] (yahboom_rosmaster_description) StdoutLine: {'line': b'-- Configuring done\n'}
[8.845051] (yahboom_rosmaster_bringup) StdoutLine: {'line': b'-- Configuring done\n'}
[8.848655] (yahboom_rosmaster_description) StdoutLine: {'line': b'-- Generating done\n'}
[8.850546] (yahboom_rosmaster_bringup) StdoutLine: {'line': b'-- Generating done\n'}
[8.850738] (yahboom_rosmaster_description) StdoutLine: {'line': b'-- Build files have been written to: /home/mo/yahboom_ws/build/yahboom_rosmaster_description\n'}
[8.855662] (yahboom_rosmaster_bringup) StdoutLine: {'line': b'-- Build files have been written to: /home/mo/yahboom_ws/build/yahboom_rosmaster_bringup\n'}
[8.860189] (yahboom_rosmaster_description) CommandEnded: {'returncode': 0}
[8.870700] (-) TimerEvent: {}
[8.871728] (yahboom_rosmaster_description) JobProgress: {'identifier': 'yahboom_rosmaster_description', 'progress': 'build'}
[8.871799] (yahboom_rosmaster_description) Command: {'cmd': ['/usr/bin/cmake', '--build', '/home/mo/yahboom_ws/build/yahboom_rosmaster_description', '--', '-j4', '-l4'], 'cwd': '/home/mo/yahboom_ws/build/yahboom_rosmaster_description', 'env': OrderedDict([('LESSOPEN', '| /usr/bin/lesspipe %s'), ('LANGUAGE', 'en_US:en'), ('USER', 'mo'), ('LC_TIME', 'lzh_TW'), ('XDG_SESSION_TYPE', 'x11'), ('SHLVL', '1'), ('LD_LIBRARY_PATH', '/home/mo/yahboom_ws/install/yahboom_rosmaster_msgs/lib:/home/mo/yahboom_ws/install/mecanum_drive_controller/lib:/opt/ros/humble/opt/rviz_ogre_vendor/lib:/opt/ros/humble/lib/x86_64-linux-gnu:/opt/ros/humble/lib'), ('HOME', '/home/mo'), ('OLDPWD', '/home/mo/yahboom_ws'), ('DESKTOP_SESSION', 'ubuntu'), ('ROS_PYTHON_VERSION', '3'), ('GNOME_SHELL_SESSION_MODE', 'ubuntu'), ('GTK_MODULES', 'gail:atk-bridge'), ('LC_MONETARY', 'lzh_TW'), ('SYSTEMD_EXEC_PID', '171333'), ('DBUS_SESSION_BUS_ADDRESS', 'unix:path=/run/user/1000/bus'), ('COLORTERM', 'truecolor'), ('COLCON_PREFIX_PATH', '/home/mo/yahboom_ws/install'), ('ROS_DISTRO', 'humble'), ('GTK_IM_MODULE', 'ibus'), ('LOGNAME', 'mo'), ('_', '/usr/bin/colcon'), ('ROS_VERSION', '2'), ('XDG_SESSION_CLASS', 'user'), ('USERNAME', 'mo'), ('TERM', 'xterm-256color'), ('GNOME_DESKTOP_SESSION_ID', 'this-is-deprecated'), ('ROS_LOCALHOST_ONLY', '0'), ('WINDOWPATH', '2'), ('PATH', '/opt/ros/humble/bin:/usr/local/sbin:/usr/local/bin:/usr/sbin:/usr/bin:/sbin:/bin:/usr/games:/usr/local/games:/snap/bin:/snap/bin'), ('SESSION_MANAGER', 'local/mo:@/tmp/.ICE-unix/1328,unix/mo:/tmp/.ICE-unix/1328'), ('PAPERSIZE', 'a4'), ('XDG_MENU_PREFIX', 'gnome-'), ('LC_ADDRESS', 'lzh_TW'), ('GNOME_TERMINAL_SCREEN', '/org/gnome/Terminal/screen/335b0423_5fc8_467e_b388_bae527e73d68'), ('XDG_RUNTIME_DIR', '/run/user/1000'), ('DISPLAY', ':0'), ('LANG', 'en_US.UTF-8'), ('XDG_CURRENT_DESKTOP', 'ubuntu:GNOME'), ('LC_TELEPHONE', 'lzh_TW'), ('XMODIFIERS', '@im=ibus'), ('XDG_SESSION_DESKTOP', 'ubuntu'), ('XAUTHORITY', '/run/user/1000/gdm/Xauthority'), ('LS_COLORS', 'rs=0:di=01;34:ln=01;36:mh=00:pi=40;33:so=01;35:do=01;35:bd=40;33;01:cd=40;33;01:or=40;31;01:mi=00:su=37;41:sg=30;43:ca=30;41:tw=30;42:ow=34;42:st=37;44:ex=01;32:*.tar=01;31:*.tgz=01;31:*.arc=01;31:*.arj=01;31:*.taz=01;31:*.lha=01;31:*.lz4=01;31:*.lzh=01;31:*.lzma=01;31:*.tlz=01;31:*.txz=01;31:*.tzo=01;31:*.t7z=01;31:*.zip=01;31:*.z=01;31:*.dz=01;31:*.gz=01;31:*.lrz=01;31:*.lz=01;31:*.lzo=01;31:*.xz=01;31:*.zst=01;31:*.tzst=01;31:*.bz2=01;31:*.bz=01;31:*.tbz=01;31:*.tbz2=01;31:*.tz=01;31:*.deb=01;31:*.rpm=01;31:*.jar=01;31:*.war=01;31:*.ear=01;31:*.sar=01;31:*.rar=01;31:*.alz=01;31:*.ace=01;31:*.zoo=01;31:*.cpio=01;31:*.7z=01;31:*.rz=01;31:*.cab=01;31:*.wim=01;31:*.swm=01;31:*.dwm=01;31:*.esd=01;31:*.jpg=01;35:*.jpeg=01;35:*.mjpg=01;35:*.mjpeg=01;35:*.gif=01;35:*.bmp=01;35:*.pbm=01;35:*.pgm=01;35:*.ppm=01;35:*.tga=01;35:*.xbm=01;35:*.xpm=01;35:*.tif=01;35:*.tiff=01;35:*.png=01;35:*.svg=01;35:*.svgz=01;35:*.mng=01;35:*.pcx=01;35:*.mov=01;35:*.mpg=01;35:*.mpeg=01;35:*.m2v=01;35:*.mkv=01;35:*.webm=01;35:*.webp=01;35:*.ogm=01;35:*.mp4=01;35:*.m4v=01;35:*.mp4v=01;35:*.vob=01;35:*.qt=01;35:*.nuv=01;35:*.wmv=01;35:*.asf=01;35:*.rm=01;35:*.rmvb=01;35:*.flc=01;35:*.avi=01;35:*.fli=01;35:*.flv=01;35:*.gl=01;35:*.dl=01;35:*.xcf=01;35:*.xwd=01;35:*.yuv=01;35:*.cgm=01;35:*.emf=01;35:*.ogv=01;35:*.ogx=01;35:*.aac=00;36:*.au=00;36:*.flac=00;36:*.m4a=00;36:*.mid=00;36:*.midi=00;36:*.mka=00;36:*.mp3=00;36:*.mpc=00;36:*.ogg=00;36:*.ra=00;36:*.wav=00;36:*.oga=00;36:*.opus=00;36:*.spx=00;36:*.xspf=00;36:'), ('GNOME_TERMINAL_SERVICE', ':1.674'), ('SSH_AGENT_LAUNCHER', 'gnome-keyring'), ('SSH_AUTH_SOCK', '/run/user/1000/keyring/ssh'), ('AMENT_PREFIX_PATH', '/home/mo/yahboom_ws/install/yahboom_rosmaster:/home/mo/yahboom_ws/install/yahboom_rosmaster_system_tests:/home/mo/yahboom_ws/install/yahboom_rosmaster_navigation:/home/mo/yahboom_ws/install/yahboom_rosmaster_msgs:/home/mo/yahboom_ws/install/yahboom_rosmaster_localization:/home/mo/yahboom_ws/install/yahboom_rosmaster_gazebo:/home/mo/yahboom_ws/install/yahboom_rosmaster_description:/home/mo/yahboom_ws/install/yahboom_rosmaster_bringup:/home/mo/yahboom_ws/install/mecanum_drive_controller:/opt/ros/humble'), ('SHELL', '/bin/bash'), ('LC_NAME', 'lzh_TW'), ('QT_ACCESSIBILITY', '1'), ('GDMSESSION', 'ubuntu'), ('LESSCLOSE', '/usr/bin/lesspipe %s %s'), ('LC_MEASUREMENT', 'lzh_TW'), ('GPG_AGENT_INFO', '/run/user/1000/gnupg/S.gpg-agent:0:1'), ('LC_IDENTIFICATION', 'lzh_TW'), ('QT_IM_MODULE', 'ibus'), ('PWD', '/home/mo/yahboom_ws/build/yahboom_rosmaster_description'), ('XDG_CONFIG_DIRS', '/etc/xdg/xdg-ubuntu:/etc/xdg'), ('XDG_DATA_DIRS', '/usr/share/ubuntu:/usr/share/gnome:/usr/local/share/:/usr/share/:/var/lib/snapd/desktop'), ('PYTHONPATH', '/home/mo/yahboom_ws/install/yahboom_rosmaster_navigation/local/lib/python3.10/dist-packages:/home/mo/yahboom_ws/install/yahboom_rosmaster_msgs/local/lib/python3.10/dist-packages:/opt/ros/humble/lib/python3.10/site-packages:/opt/ros/humble/local/lib/python3.10/dist-packages'), ('LC_NUMERIC', 'lzh_TW'), ('LC_PAPER', 'lzh_TW'), ('COLCON', '1'), ('VTE_VERSION', '6800'), ('CMAKE_PREFIX_PATH', '/home/mo/yahboom_ws/install/yahboom_rosmaster:/home/mo/yahboom_ws/install/yahboom_rosmaster_system_tests:/home/mo/yahboom_ws/install/yahboom_rosmaster_navigation:/home/mo/yahboom_ws/install/yahboom_rosmaster_msgs:/home/mo/yahboom_ws/install/yahboom_rosmaster_localization:/home/mo/yahboom_ws/install/yahboom_rosmaster_gazebo:/home/mo/yahboom_ws/install/yahboom_rosmaster_description:/home/mo/yahboom_ws/install/yahboom_rosmaster_bringup:/home/mo/yahboom_ws/install/mecanum_drive_controller:/opt/ros/humble')]), 'shell': False}
[8.874931] (yahboom_rosmaster_bringup) CommandEnded: {'returncode': 0}
[8.875921] (yahboom_rosmaster_bringup) JobProgress: {'identifier': 'yahboom_rosmaster_bringup', 'progress': 'build'}
[8.875955] (yahboom_rosmaster_bringup) Command: {'cmd': ['/usr/bin/cmake', '--build', '/home/mo/yahboom_ws/build/yahboom_rosmaster_bringup', '--', '-j4', '-l4'], 'cwd': '/home/mo/yahboom_ws/build/yahboom_rosmaster_bringup', 'env': OrderedDict([('LESSOPEN', '| /usr/bin/lesspipe %s'), ('LANGUAGE', 'en_US:en'), ('USER', 'mo'), ('LC_TIME', 'lzh_TW'), ('XDG_SESSION_TYPE', 'x11'), ('SHLVL', '1'), ('LD_LIBRARY_PATH', '/home/mo/yahboom_ws/install/yahboom_rosmaster_msgs/lib:/home/mo/yahboom_ws/install/mecanum_drive_controller/lib:/opt/ros/humble/opt/rviz_ogre_vendor/lib:/opt/ros/humble/lib/x86_64-linux-gnu:/opt/ros/humble/lib'), ('HOME', '/home/mo'), ('OLDPWD', '/home/mo/yahboom_ws'), ('DESKTOP_SESSION', 'ubuntu'), ('ROS_PYTHON_VERSION', '3'), ('GNOME_SHELL_SESSION_MODE', 'ubuntu'), ('GTK_MODULES', 'gail:atk-bridge'), ('LC_MONETARY', 'lzh_TW'), ('SYSTEMD_EXEC_PID', '171333'), ('DBUS_SESSION_BUS_ADDRESS', 'unix:path=/run/user/1000/bus'), ('COLORTERM', 'truecolor'), ('COLCON_PREFIX_PATH', '/home/mo/yahboom_ws/install'), ('ROS_DISTRO', 'humble'), ('GTK_IM_MODULE', 'ibus'), ('LOGNAME', 'mo'), ('_', '/usr/bin/colcon'), ('ROS_VERSION', '2'), ('XDG_SESSION_CLASS', 'user'), ('USERNAME', 'mo'), ('TERM', 'xterm-256color'), ('GNOME_DESKTOP_SESSION_ID', 'this-is-deprecated'), ('ROS_LOCALHOST_ONLY', '0'), ('WINDOWPATH', '2'), ('PATH', '/opt/ros/humble/bin:/usr/local/sbin:/usr/local/bin:/usr/sbin:/usr/bin:/sbin:/bin:/usr/games:/usr/local/games:/snap/bin:/snap/bin'), ('SESSION_MANAGER', 'local/mo:@/tmp/.ICE-unix/1328,unix/mo:/tmp/.ICE-unix/1328'), ('PAPERSIZE', 'a4'), ('XDG_MENU_PREFIX', 'gnome-'), ('LC_ADDRESS', 'lzh_TW'), ('GNOME_TERMINAL_SCREEN', '/org/gnome/Terminal/screen/335b0423_5fc8_467e_b388_bae527e73d68'), ('XDG_RUNTIME_DIR', '/run/user/1000'), ('DISPLAY', ':0'), ('LANG', 'en_US.UTF-8'), ('XDG_CURRENT_DESKTOP', 'ubuntu:GNOME'), ('LC_TELEPHONE', 'lzh_TW'), ('XMODIFIERS', '@im=ibus'), ('XDG_SESSION_DESKTOP', 'ubuntu'), ('XAUTHORITY', '/run/user/1000/gdm/Xauthority'), ('LS_COLORS', 'rs=0:di=01;34:ln=01;36:mh=00:pi=40;33:so=01;35:do=01;35:bd=40;33;01:cd=40;33;01:or=40;31;01:mi=00:su=37;41:sg=30;43:ca=30;41:tw=30;42:ow=34;42:st=37;44:ex=01;32:*.tar=01;31:*.tgz=01;31:*.arc=01;31:*.arj=01;31:*.taz=01;31:*.lha=01;31:*.lz4=01;31:*.lzh=01;31:*.lzma=01;31:*.tlz=01;31:*.txz=01;31:*.tzo=01;31:*.t7z=01;31:*.zip=01;31:*.z=01;31:*.dz=01;31:*.gz=01;31:*.lrz=01;31:*.lz=01;31:*.lzo=01;31:*.xz=01;31:*.zst=01;31:*.tzst=01;31:*.bz2=01;31:*.bz=01;31:*.tbz=01;31:*.tbz2=01;31:*.tz=01;31:*.deb=01;31:*.rpm=01;31:*.jar=01;31:*.war=01;31:*.ear=01;31:*.sar=01;31:*.rar=01;31:*.alz=01;31:*.ace=01;31:*.zoo=01;31:*.cpio=01;31:*.7z=01;31:*.rz=01;31:*.cab=01;31:*.wim=01;31:*.swm=01;31:*.dwm=01;31:*.esd=01;31:*.jpg=01;35:*.jpeg=01;35:*.mjpg=01;35:*.mjpeg=01;35:*.gif=01;35:*.bmp=01;35:*.pbm=01;35:*.pgm=01;35:*.ppm=01;35:*.tga=01;35:*.xbm=01;35:*.xpm=01;35:*.tif=01;35:*.tiff=01;35:*.png=01;35:*.svg=01;35:*.svgz=01;35:*.mng=01;35:*.pcx=01;35:*.mov=01;35:*.mpg=01;35:*.mpeg=01;35:*.m2v=01;35:*.mkv=01;35:*.webm=01;35:*.webp=01;35:*.ogm=01;35:*.mp4=01;35:*.m4v=01;35:*.mp4v=01;35:*.vob=01;35:*.qt=01;35:*.nuv=01;35:*.wmv=01;35:*.asf=01;35:*.rm=01;35:*.rmvb=01;35:*.flc=01;35:*.avi=01;35:*.fli=01;35:*.flv=01;35:*.gl=01;35:*.dl=01;35:*.xcf=01;35:*.xwd=01;35:*.yuv=01;35:*.cgm=01;35:*.emf=01;35:*.ogv=01;35:*.ogx=01;35:*.aac=00;36:*.au=00;36:*.flac=00;36:*.m4a=00;36:*.mid=00;36:*.midi=00;36:*.mka=00;36:*.mp3=00;36:*.mpc=00;36:*.ogg=00;36:*.ra=00;36:*.wav=00;36:*.oga=00;36:*.opus=00;36:*.spx=00;36:*.xspf=00;36:'), ('GNOME_TERMINAL_SERVICE', ':1.674'), ('SSH_AGENT_LAUNCHER', 'gnome-keyring'), ('SSH_AUTH_SOCK', '/run/user/1000/keyring/ssh'), ('AMENT_PREFIX_PATH', '/home/mo/yahboom_ws/install/yahboom_rosmaster:/home/mo/yahboom_ws/install/yahboom_rosmaster_system_tests:/home/mo/yahboom_ws/install/yahboom_rosmaster_navigation:/home/mo/yahboom_ws/install/yahboom_rosmaster_msgs:/home/mo/yahboom_ws/install/yahboom_rosmaster_localization:/home/mo/yahboom_ws/install/yahboom_rosmaster_gazebo:/home/mo/yahboom_ws/install/yahboom_rosmaster_description:/home/mo/yahboom_ws/install/yahboom_rosmaster_bringup:/home/mo/yahboom_ws/install/mecanum_drive_controller:/opt/ros/humble'), ('SHELL', '/bin/bash'), ('LC_NAME', 'lzh_TW'), ('QT_ACCESSIBILITY', '1'), ('GDMSESSION', 'ubuntu'), ('LESSCLOSE', '/usr/bin/lesspipe %s %s'), ('LC_MEASUREMENT', 'lzh_TW'), ('GPG_AGENT_INFO', '/run/user/1000/gnupg/S.gpg-agent:0:1'), ('LC_IDENTIFICATION', 'lzh_TW'), ('QT_IM_MODULE', 'ibus'), ('PWD', '/home/mo/yahboom_ws/build/yahboom_rosmaster_bringup'), ('XDG_CONFIG_DIRS', '/etc/xdg/xdg-ubuntu:/etc/xdg'), ('XDG_DATA_DIRS', '/usr/share/ubuntu:/usr/share/gnome:/usr/local/share/:/usr/share/:/var/lib/snapd/desktop'), ('PYTHONPATH', '/home/mo/yahboom_ws/install/yahboom_rosmaster_navigation/local/lib/python3.10/dist-packages:/home/mo/yahboom_ws/install/yahboom_rosmaster_msgs/local/lib/python3.10/dist-packages:/opt/ros/humble/lib/python3.10/site-packages:/opt/ros/humble/local/lib/python3.10/dist-packages'), ('LC_NUMERIC', 'lzh_TW'), ('LC_PAPER', 'lzh_TW'), ('COLCON', '1'), ('VTE_VERSION', '6800'), ('CMAKE_PREFIX_PATH', '/home/mo/yahboom_ws/install/yahboom_rosmaster:/home/mo/yahboom_ws/install/yahboom_rosmaster_system_tests:/home/mo/yahboom_ws/install/yahboom_rosmaster_navigation:/home/mo/yahboom_ws/install/yahboom_rosmaster_msgs:/home/mo/yahboom_ws/install/yahboom_rosmaster_localization:/home/mo/yahboom_ws/install/yahboom_rosmaster_gazebo:/home/mo/yahboom_ws/install/yahboom_rosmaster_description:/home/mo/yahboom_ws/install/yahboom_rosmaster_bringup:/home/mo/yahboom_ws/install/mecanum_drive_controller:/opt/ros/humble')]), 'shell': False}
[8.956198] (yahboom_rosmaster_bringup) CommandEnded: {'returncode': 0}
[8.958657] (yahboom_rosmaster_bringup) JobProgress: {'identifier': 'yahboom_rosmaster_bringup', 'progress': 'install'}
[8.968524] (yahboom_rosmaster_bringup) Command: {'cmd': ['/usr/bin/cmake', '--install', '/home/mo/yahboom_ws/build/yahboom_rosmaster_bringup'], 'cwd': '/home/mo/yahboom_ws/build/yahboom_rosmaster_bringup', 'env': OrderedDict([('LESSOPEN', '| /usr/bin/lesspipe %s'), ('LANGUAGE', 'en_US:en'), ('USER', 'mo'), ('LC_TIME', 'lzh_TW'), ('XDG_SESSION_TYPE', 'x11'), ('SHLVL', '1'), ('LD_LIBRARY_PATH', '/home/mo/yahboom_ws/install/yahboom_rosmaster_msgs/lib:/home/mo/yahboom_ws/install/mecanum_drive_controller/lib:/opt/ros/humble/opt/rviz_ogre_vendor/lib:/opt/ros/humble/lib/x86_64-linux-gnu:/opt/ros/humble/lib'), ('HOME', '/home/mo'), ('OLDPWD', '/home/mo/yahboom_ws'), ('DESKTOP_SESSION', 'ubuntu'), ('ROS_PYTHON_VERSION', '3'), ('GNOME_SHELL_SESSION_MODE', 'ubuntu'), ('GTK_MODULES', 'gail:atk-bridge'), ('LC_MONETARY', 'lzh_TW'), ('SYSTEMD_EXEC_PID', '171333'), ('DBUS_SESSION_BUS_ADDRESS', 'unix:path=/run/user/1000/bus'), ('COLORTERM', 'truecolor'), ('COLCON_PREFIX_PATH', '/home/mo/yahboom_ws/install'), ('ROS_DISTRO', 'humble'), ('GTK_IM_MODULE', 'ibus'), ('LOGNAME', 'mo'), ('_', '/usr/bin/colcon'), ('ROS_VERSION', '2'), ('XDG_SESSION_CLASS', 'user'), ('USERNAME', 'mo'), ('TERM', 'xterm-256color'), ('GNOME_DESKTOP_SESSION_ID', 'this-is-deprecated'), ('ROS_LOCALHOST_ONLY', '0'), ('WINDOWPATH', '2'), ('PATH', '/opt/ros/humble/bin:/usr/local/sbin:/usr/local/bin:/usr/sbin:/usr/bin:/sbin:/bin:/usr/games:/usr/local/games:/snap/bin:/snap/bin'), ('SESSION_MANAGER', 'local/mo:@/tmp/.ICE-unix/1328,unix/mo:/tmp/.ICE-unix/1328'), ('PAPERSIZE', 'a4'), ('XDG_MENU_PREFIX', 'gnome-'), ('LC_ADDRESS', 'lzh_TW'), ('GNOME_TERMINAL_SCREEN', '/org/gnome/Terminal/screen/335b0423_5fc8_467e_b388_bae527e73d68'), ('XDG_RUNTIME_DIR', '/run/user/1000'), ('DISPLAY', ':0'), ('LANG', 'en_US.UTF-8'), ('XDG_CURRENT_DESKTOP', 'ubuntu:GNOME'), ('LC_TELEPHONE', 'lzh_TW'), ('XMODIFIERS', '@im=ibus'), ('XDG_SESSION_DESKTOP', 'ubuntu'), ('XAUTHORITY', '/run/user/1000/gdm/Xauthority'), ('LS_COLORS', 'rs=0:di=01;34:ln=01;36:mh=00:pi=40;33:so=01;35:do=01;35:bd=40;33;01:cd=40;33;01:or=40;31;01:mi=00:su=37;41:sg=30;43:ca=30;41:tw=30;42:ow=34;42:st=37;44:ex=01;32:*.tar=01;31:*.tgz=01;31:*.arc=01;31:*.arj=01;31:*.taz=01;31:*.lha=01;31:*.lz4=01;31:*.lzh=01;31:*.lzma=01;31:*.tlz=01;31:*.txz=01;31:*.tzo=01;31:*.t7z=01;31:*.zip=01;31:*.z=01;31:*.dz=01;31:*.gz=01;31:*.lrz=01;31:*.lz=01;31:*.lzo=01;31:*.xz=01;31:*.zst=01;31:*.tzst=01;31:*.bz2=01;31:*.bz=01;31:*.tbz=01;31:*.tbz2=01;31:*.tz=01;31:*.deb=01;31:*.rpm=01;31:*.jar=01;31:*.war=01;31:*.ear=01;31:*.sar=01;31:*.rar=01;31:*.alz=01;31:*.ace=01;31:*.zoo=01;31:*.cpio=01;31:*.7z=01;31:*.rz=01;31:*.cab=01;31:*.wim=01;31:*.swm=01;31:*.dwm=01;31:*.esd=01;31:*.jpg=01;35:*.jpeg=01;35:*.mjpg=01;35:*.mjpeg=01;35:*.gif=01;35:*.bmp=01;35:*.pbm=01;35:*.pgm=01;35:*.ppm=01;35:*.tga=01;35:*.xbm=01;35:*.xpm=01;35:*.tif=01;35:*.tiff=01;35:*.png=01;35:*.svg=01;35:*.svgz=01;35:*.mng=01;35:*.pcx=01;35:*.mov=01;35:*.mpg=01;35:*.mpeg=01;35:*.m2v=01;35:*.mkv=01;35:*.webm=01;35:*.webp=01;35:*.ogm=01;35:*.mp4=01;35:*.m4v=01;35:*.mp4v=01;35:*.vob=01;35:*.qt=01;35:*.nuv=01;35:*.wmv=01;35:*.asf=01;35:*.rm=01;35:*.rmvb=01;35:*.flc=01;35:*.avi=01;35:*.fli=01;35:*.flv=01;35:*.gl=01;35:*.dl=01;35:*.xcf=01;35:*.xwd=01;35:*.yuv=01;35:*.cgm=01;35:*.emf=01;35:*.ogv=01;35:*.ogx=01;35:*.aac=00;36:*.au=00;36:*.flac=00;36:*.m4a=00;36:*.mid=00;36:*.midi=00;36:*.mka=00;36:*.mp3=00;36:*.mpc=00;36:*.ogg=00;36:*.ra=00;36:*.wav=00;36:*.oga=00;36:*.opus=00;36:*.spx=00;36:*.xspf=00;36:'), ('GNOME_TERMINAL_SERVICE', ':1.674'), ('SSH_AGENT_LAUNCHER', 'gnome-keyring'), ('SSH_AUTH_SOCK', '/run/user/1000/keyring/ssh'), ('AMENT_PREFIX_PATH', '/home/mo/yahboom_ws/install/yahboom_rosmaster:/home/mo/yahboom_ws/install/yahboom_rosmaster_system_tests:/home/mo/yahboom_ws/install/yahboom_rosmaster_navigation:/home/mo/yahboom_ws/install/yahboom_rosmaster_msgs:/home/mo/yahboom_ws/install/yahboom_rosmaster_localization:/home/mo/yahboom_ws/install/yahboom_rosmaster_gazebo:/home/mo/yahboom_ws/install/yahboom_rosmaster_description:/home/mo/yahboom_ws/install/yahboom_rosmaster_bringup:/home/mo/yahboom_ws/install/mecanum_drive_controller:/opt/ros/humble'), ('SHELL', '/bin/bash'), ('LC_NAME', 'lzh_TW'), ('QT_ACCESSIBILITY', '1'), ('GDMSESSION', 'ubuntu'), ('LESSCLOSE', '/usr/bin/lesspipe %s %s'), ('LC_MEASUREMENT', 'lzh_TW'), ('GPG_AGENT_INFO', '/run/user/1000/gnupg/S.gpg-agent:0:1'), ('LC_IDENTIFICATION', 'lzh_TW'), ('QT_IM_MODULE', 'ibus'), ('PWD', '/home/mo/yahboom_ws/build/yahboom_rosmaster_bringup'), ('XDG_CONFIG_DIRS', '/etc/xdg/xdg-ubuntu:/etc/xdg'), ('XDG_DATA_DIRS', '/usr/share/ubuntu:/usr/share/gnome:/usr/local/share/:/usr/share/:/var/lib/snapd/desktop'), ('PYTHONPATH', '/home/mo/yahboom_ws/install/yahboom_rosmaster_navigation/local/lib/python3.10/dist-packages:/home/mo/yahboom_ws/install/yahboom_rosmaster_msgs/local/lib/python3.10/dist-packages:/opt/ros/humble/lib/python3.10/site-packages:/opt/ros/humble/local/lib/python3.10/dist-packages'), ('LC_NUMERIC', 'lzh_TW'), ('LC_PAPER', 'lzh_TW'), ('COLCON', '1'), ('VTE_VERSION', '6800'), ('CMAKE_PREFIX_PATH', '/home/mo/yahboom_ws/install/yahboom_rosmaster:/home/mo/yahboom_ws/install/yahboom_rosmaster_system_tests:/home/mo/yahboom_ws/install/yahboom_rosmaster_navigation:/home/mo/yahboom_ws/install/yahboom_rosmaster_msgs:/home/mo/yahboom_ws/install/yahboom_rosmaster_localization:/home/mo/yahboom_ws/install/yahboom_rosmaster_gazebo:/home/mo/yahboom_ws/install/yahboom_rosmaster_description:/home/mo/yahboom_ws/install/yahboom_rosmaster_bringup:/home/mo/yahboom_ws/install/mecanum_drive_controller:/opt/ros/humble')]), 'shell': False}
[8.972505] (-) TimerEvent: {}
[8.972900] (yahboom_rosmaster_description) CommandEnded: {'returncode': 0}
[8.976968] (yahboom_rosmaster_description) JobProgress: {'identifier': 'yahboom_rosmaster_description', 'progress': 'install'}
[8.977440] (yahboom_rosmaster_description) Command: {'cmd': ['/usr/bin/cmake', '--install', '/home/mo/yahboom_ws/build/yahboom_rosmaster_description'], 'cwd': '/home/mo/yahboom_ws/build/yahboom_rosmaster_description', 'env': OrderedDict([('LESSOPEN', '| /usr/bin/lesspipe %s'), ('LANGUAGE', 'en_US:en'), ('USER', 'mo'), ('LC_TIME', 'lzh_TW'), ('XDG_SESSION_TYPE', 'x11'), ('SHLVL', '1'), ('LD_LIBRARY_PATH', '/home/mo/yahboom_ws/install/yahboom_rosmaster_msgs/lib:/home/mo/yahboom_ws/install/mecanum_drive_controller/lib:/opt/ros/humble/opt/rviz_ogre_vendor/lib:/opt/ros/humble/lib/x86_64-linux-gnu:/opt/ros/humble/lib'), ('HOME', '/home/mo'), ('OLDPWD', '/home/mo/yahboom_ws'), ('DESKTOP_SESSION', 'ubuntu'), ('ROS_PYTHON_VERSION', '3'), ('GNOME_SHELL_SESSION_MODE', 'ubuntu'), ('GTK_MODULES', 'gail:atk-bridge'), ('LC_MONETARY', 'lzh_TW'), ('SYSTEMD_EXEC_PID', '171333'), ('DBUS_SESSION_BUS_ADDRESS', 'unix:path=/run/user/1000/bus'), ('COLORTERM', 'truecolor'), ('COLCON_PREFIX_PATH', '/home/mo/yahboom_ws/install'), ('ROS_DISTRO', 'humble'), ('GTK_IM_MODULE', 'ibus'), ('LOGNAME', 'mo'), ('_', '/usr/bin/colcon'), ('ROS_VERSION', '2'), ('XDG_SESSION_CLASS', 'user'), ('USERNAME', 'mo'), ('TERM', 'xterm-256color'), ('GNOME_DESKTOP_SESSION_ID', 'this-is-deprecated'), ('ROS_LOCALHOST_ONLY', '0'), ('WINDOWPATH', '2'), ('PATH', '/opt/ros/humble/bin:/usr/local/sbin:/usr/local/bin:/usr/sbin:/usr/bin:/sbin:/bin:/usr/games:/usr/local/games:/snap/bin:/snap/bin'), ('SESSION_MANAGER', 'local/mo:@/tmp/.ICE-unix/1328,unix/mo:/tmp/.ICE-unix/1328'), ('PAPERSIZE', 'a4'), ('XDG_MENU_PREFIX', 'gnome-'), ('LC_ADDRESS', 'lzh_TW'), ('GNOME_TERMINAL_SCREEN', '/org/gnome/Terminal/screen/335b0423_5fc8_467e_b388_bae527e73d68'), ('XDG_RUNTIME_DIR', '/run/user/1000'), ('DISPLAY', ':0'), ('LANG', 'en_US.UTF-8'), ('XDG_CURRENT_DESKTOP', 'ubuntu:GNOME'), ('LC_TELEPHONE', 'lzh_TW'), ('XMODIFIERS', '@im=ibus'), ('XDG_SESSION_DESKTOP', 'ubuntu'), ('XAUTHORITY', '/run/user/1000/gdm/Xauthority'), ('LS_COLORS', 'rs=0:di=01;34:ln=01;36:mh=00:pi=40;33:so=01;35:do=01;35:bd=40;33;01:cd=40;33;01:or=40;31;01:mi=00:su=37;41:sg=30;43:ca=30;41:tw=30;42:ow=34;42:st=37;44:ex=01;32:*.tar=01;31:*.tgz=01;31:*.arc=01;31:*.arj=01;31:*.taz=01;31:*.lha=01;31:*.lz4=01;31:*.lzh=01;31:*.lzma=01;31:*.tlz=01;31:*.txz=01;31:*.tzo=01;31:*.t7z=01;31:*.zip=01;31:*.z=01;31:*.dz=01;31:*.gz=01;31:*.lrz=01;31:*.lz=01;31:*.lzo=01;31:*.xz=01;31:*.zst=01;31:*.tzst=01;31:*.bz2=01;31:*.bz=01;31:*.tbz=01;31:*.tbz2=01;31:*.tz=01;31:*.deb=01;31:*.rpm=01;31:*.jar=01;31:*.war=01;31:*.ear=01;31:*.sar=01;31:*.rar=01;31:*.alz=01;31:*.ace=01;31:*.zoo=01;31:*.cpio=01;31:*.7z=01;31:*.rz=01;31:*.cab=01;31:*.wim=01;31:*.swm=01;31:*.dwm=01;31:*.esd=01;31:*.jpg=01;35:*.jpeg=01;35:*.mjpg=01;35:*.mjpeg=01;35:*.gif=01;35:*.bmp=01;35:*.pbm=01;35:*.pgm=01;35:*.ppm=01;35:*.tga=01;35:*.xbm=01;35:*.xpm=01;35:*.tif=01;35:*.tiff=01;35:*.png=01;35:*.svg=01;35:*.svgz=01;35:*.mng=01;35:*.pcx=01;35:*.mov=01;35:*.mpg=01;35:*.mpeg=01;35:*.m2v=01;35:*.mkv=01;35:*.webm=01;35:*.webp=01;35:*.ogm=01;35:*.mp4=01;35:*.m4v=01;35:*.mp4v=01;35:*.vob=01;35:*.qt=01;35:*.nuv=01;35:*.wmv=01;35:*.asf=01;35:*.rm=01;35:*.rmvb=01;35:*.flc=01;35:*.avi=01;35:*.fli=01;35:*.flv=01;35:*.gl=01;35:*.dl=01;35:*.xcf=01;35:*.xwd=01;35:*.yuv=01;35:*.cgm=01;35:*.emf=01;35:*.ogv=01;35:*.ogx=01;35:*.aac=00;36:*.au=00;36:*.flac=00;36:*.m4a=00;36:*.mid=00;36:*.midi=00;36:*.mka=00;36:*.mp3=00;36:*.mpc=00;36:*.ogg=00;36:*.ra=00;36:*.wav=00;36:*.oga=00;36:*.opus=00;36:*.spx=00;36:*.xspf=00;36:'), ('GNOME_TERMINAL_SERVICE', ':1.674'), ('SSH_AGENT_LAUNCHER', 'gnome-keyring'), ('SSH_AUTH_SOCK', '/run/user/1000/keyring/ssh'), ('AMENT_PREFIX_PATH', '/home/mo/yahboom_ws/install/yahboom_rosmaster:/home/mo/yahboom_ws/install/yahboom_rosmaster_system_tests:/home/mo/yahboom_ws/install/yahboom_rosmaster_navigation:/home/mo/yahboom_ws/install/yahboom_rosmaster_msgs:/home/mo/yahboom_ws/install/yahboom_rosmaster_localization:/home/mo/yahboom_ws/install/yahboom_rosmaster_gazebo:/home/mo/yahboom_ws/install/yahboom_rosmaster_description:/home/mo/yahboom_ws/install/yahboom_rosmaster_bringup:/home/mo/yahboom_ws/install/mecanum_drive_controller:/opt/ros/humble'), ('SHELL', '/bin/bash'), ('LC_NAME', 'lzh_TW'), ('QT_ACCESSIBILITY', '1'), ('GDMSESSION', 'ubuntu'), ('LESSCLOSE', '/usr/bin/lesspipe %s %s'), ('LC_MEASUREMENT', 'lzh_TW'), ('GPG_AGENT_INFO', '/run/user/1000/gnupg/S.gpg-agent:0:1'), ('LC_IDENTIFICATION', 'lzh_TW'), ('QT_IM_MODULE', 'ibus'), ('PWD', '/home/mo/yahboom_ws/build/yahboom_rosmaster_description'), ('XDG_CONFIG_DIRS', '/etc/xdg/xdg-ubuntu:/etc/xdg'), ('XDG_DATA_DIRS', '/usr/share/ubuntu:/usr/share/gnome:/usr/local/share/:/usr/share/:/var/lib/snapd/desktop'), ('PYTHONPATH', '/home/mo/yahboom_ws/install/yahboom_rosmaster_navigation/local/lib/python3.10/dist-packages:/home/mo/yahboom_ws/install/yahboom_rosmaster_msgs/local/lib/python3.10/dist-packages:/opt/ros/humble/lib/python3.10/site-packages:/opt/ros/humble/local/lib/python3.10/dist-packages'), ('LC_NUMERIC', 'lzh_TW'), ('LC_PAPER', 'lzh_TW'), ('COLCON', '1'), ('VTE_VERSION', '6800'), ('CMAKE_PREFIX_PATH', '/home/mo/yahboom_ws/install/yahboom_rosmaster:/home/mo/yahboom_ws/install/yahboom_rosmaster_system_tests:/home/mo/yahboom_ws/install/yahboom_rosmaster_navigation:/home/mo/yahboom_ws/install/yahboom_rosmaster_msgs:/home/mo/yahboom_ws/install/yahboom_rosmaster_localization:/home/mo/yahboom_ws/install/yahboom_rosmaster_gazebo:/home/mo/yahboom_ws/install/yahboom_rosmaster_description:/home/mo/yahboom_ws/install/yahboom_rosmaster_bringup:/home/mo/yahboom_ws/install/mecanum_drive_controller:/opt/ros/humble')]), 'shell': False}
[8.991469] (yahboom_rosmaster_description) StdoutLine: {'line': b'-- Install configuration: ""\n'}
[8.991652] (yahboom_rosmaster_description) StdoutLine: {'line': b'-- Installing: /home/mo/yahboom_ws/install/yahboom_rosmaster_description/share/yahboom_rosmaster_description/config\n'}
[8.991750] (yahboom_rosmaster_description) StdoutLine: {'line': b'-- Installing: /home/mo/yahboom_ws/install/yahboom_rosmaster_description/share/yahboom_rosmaster_description/config/rosmaster_x3_2\n'}
[8.991816] (yahboom_rosmaster_description) StdoutLine: {'line': b'-- Installing: /home/mo/yahboom_ws/install/yahboom_rosmaster_description/share/yahboom_rosmaster_description/config/rosmaster_x3_2/ros2_controllers.yaml\n'}
[8.991964] (yahboom_rosmaster_bringup) StdoutLine: {'line': b'-- Install configuration: ""\n'}
[8.992042] (yahboom_rosmaster_bringup) StdoutLine: {'line': b'-- Installing: /home/mo/yahboom_ws/install/yahboom_rosmaster_bringup/share/yahboom_rosmaster_bringup/launch\n'}
[8.992102] (yahboom_rosmaster_bringup) StdoutLine: {'line': b'-- Installing: /home/mo/yahboom_ws/install/yahboom_rosmaster_bringup/share/yahboom_rosmaster_bringup/launch/rosmaster_x3_navigation.launch.py\n'}
[8.992160] (yahboom_rosmaster_bringup) StdoutLine: {'line': b'-- Installing: /home/mo/yahboom_ws/install/yahboom_rosmaster_bringup/share/yahboom_rosmaster_bringup/launch/__pycache__\n'}
[8.992216] (yahboom_rosmaster_bringup) StdoutLine: {'line': b'-- Installing: /home/mo/yahboom_ws/install/yahboom_rosmaster_bringup/share/yahboom_rosmaster_bringup/launch/load_ros2_controllers.launch.py\n'}
[8.992272] (yahboom_rosmaster_bringup) StdoutLine: {'line': b'-- Installing: /home/mo/yahboom_ws/install/yahboom_rosmaster_bringup/share/yahboom_rosmaster_bringup/scripts\n'}
[8.992327] (yahboom_rosmaster_bringup) StdoutLine: {'line': b'-- Installing: /home/mo/yahboom_ws/install/yahboom_rosmaster_bringup/share/yahboom_rosmaster_bringup/scripts/rosmaster_x3_navigation.sh\n'}
[8.992383] (yahboom_rosmaster_bringup) StdoutLine: {'line': b'-- Installing: /home/mo/yahboom_ws/install/yahboom_rosmaster_bringup/share/yahboom_rosmaster_bringup/scripts/rosmaster_x3_gazebo.sh\n'}
[9.026792] (yahboom_rosmaster_bringup) StdoutLine: {'line': b'-- Installing: /home/mo/yahboom_ws/install/yahboom_rosmaster_bringup/share/ament_index/resource_index/package_run_dependencies/yahboom_rosmaster_bringup\n'}
[9.027014] (yahboom_rosmaster_bringup) StdoutLine: {'line': b'-- Installing: /home/mo/yahboom_ws/install/yahboom_rosmaster_bringup/share/ament_index/resource_index/parent_prefix_path/yahboom_rosmaster_bringup\n'}
[9.027201] (yahboom_rosmaster_bringup) StdoutLine: {'line': b'-- Installing: /home/mo/yahboom_ws/install/yahboom_rosmaster_bringup/share/yahboom_rosmaster_bringup/environment/ament_prefix_path.sh\n'}
[9.027338] (yahboom_rosmaster_bringup) StdoutLine: {'line': b'-- Installing: /home/mo/yahboom_ws/install/yahboom_rosmaster_bringup/share/yahboom_rosmaster_bringup/environment/ament_prefix_path.dsv\n'}
[9.027478] (yahboom_rosmaster_bringup) StdoutLine: {'line': b'-- Installing: /home/mo/yahboom_ws/install/yahboom_rosmaster_bringup/share/yahboom_rosmaster_bringup/environment/path.sh\n'}
[9.027677] (yahboom_rosmaster_bringup) StdoutLine: {'line': b'-- Installing: /home/mo/yahboom_ws/install/yahboom_rosmaster_bringup/share/yahboom_rosmaster_bringup/environment/path.dsv\n'}
[9.027826] (yahboom_rosmaster_bringup) StdoutLine: {'line': b'-- Installing: /home/mo/yahboom_ws/install/yahboom_rosmaster_bringup/share/yahboom_rosmaster_bringup/local_setup.bash\n'}
[9.027980] (yahboom_rosmaster_bringup) StdoutLine: {'line': b'-- Installing: /home/mo/yahboom_ws/install/yahboom_rosmaster_bringup/share/yahboom_rosmaster_bringup/local_setup.sh\n'}
[9.028183] (yahboom_rosmaster_bringup) StdoutLine: {'line': b'-- Installing: /home/mo/yahboom_ws/install/yahboom_rosmaster_bringup/share/yahboom_rosmaster_bringup/local_setup.zsh\n'}
[9.028296] (yahboom_rosmaster_bringup) StdoutLine: {'line': b'-- Installing: /home/mo/yahboom_ws/install/yahboom_rosmaster_bringup/share/yahboom_rosmaster_bringup/local_setup.dsv\n'}
[9.028378] (yahboom_rosmaster_bringup) StdoutLine: {'line': b'-- Installing: /home/mo/yahboom_ws/install/yahboom_rosmaster_bringup/share/yahboom_rosmaster_bringup/package.dsv\n'}
[9.028555] (yahboom_rosmaster_bringup) StdoutLine: {'line': b'-- Installing: /home/mo/yahboom_ws/install/yahboom_rosmaster_bringup/share/ament_index/resource_index/packages/yahboom_rosmaster_bringup\n'}
[9.028793] (yahboom_rosmaster_bringup) StdoutLine: {'line': b'-- Installing: /home/mo/yahboom_ws/install/yahboom_rosmaster_bringup/share/yahboom_rosmaster_bringup/cmake/yahboom_rosmaster_bringupConfig.cmake\n'}
[9.029036] (yahboom_rosmaster_bringup) StdoutLine: {'line': b'-- Installing: /home/mo/yahboom_ws/install/yahboom_rosmaster_bringup/share/yahboom_rosmaster_bringup/cmake/yahboom_rosmaster_bringupConfig-version.cmake\n'}
[9.029167] (yahboom_rosmaster_bringup) StdoutLine: {'line': b'-- Installing: /home/mo/yahboom_ws/install/yahboom_rosmaster_bringup/share/yahboom_rosmaster_bringup/package.xml\n'}
[9.031407] (yahboom_rosmaster_bringup) CommandEnded: {'returncode': 0}
[9.038067] (yahboom_rosmaster_description) StdoutLine: {'line': b'-- Installing: /home/mo/yahboom_ws/install/yahboom_rosmaster_description/share/yahboom_rosmaster_description/config/rosmaster_x3_2/rosmaster_x3\n'}
[9.038310] (yahboom_rosmaster_description) StdoutLine: {'line': b'-- Installing: /home/mo/yahboom_ws/install/yahboom_rosmaster_description/share/yahboom_rosmaster_description/config/rosmaster_x3_2/rosmaster_x3/ros2_controllers.yaml\n'}
[9.059373] (yahboom_rosmaster_bringup) JobEnded: {'identifier': 'yahboom_rosmaster_bringup', 'rc': 0}
[9.060677] (yahboom_rosmaster_gazebo) JobStarted: {'identifier': 'yahboom_rosmaster_gazebo'}
[9.062167] (yahboom_rosmaster_description) StdoutLine: {'line': b'-- Installing: /home/mo/yahboom_ws/install/yahboom_rosmaster_description/share/yahboom_rosmaster_description/config/rosmaster_x3_2/rosmaster_x3/my_ros2_controllers.yaml\n'}
[9.062552] (yahboom_rosmaster_description) StdoutLine: {'line': b'-- Installing: /home/mo/yahboom_ws/install/yahboom_rosmaster_description/share/yahboom_rosmaster_description/config/rosmaster_x3_2/rosmaster_x3/ros2_controllers_template.yaml\n'}
[9.062645] (yahboom_rosmaster_description) StdoutLine: {'line': b'-- Installing: /home/mo/yahboom_ws/install/yahboom_rosmaster_description/share/yahboom_rosmaster_description/config/rosmaster_x3_2/my_ros2_controllers.yaml\n'}
[9.071951] (yahboom_rosmaster_gazebo) JobProgress: {'identifier': 'yahboom_rosmaster_gazebo', 'progress': 'cmake'}
[9.072468] (yahboom_rosmaster_gazebo) Command: {'cmd': ['/usr/bin/cmake', '/home/mo/yahboom_ws/src/yahboom_rosmaster/yahboom_rosmaster_gazebo', '-DCMAKE_INSTALL_PREFIX=/home/mo/yahboom_ws/install/yahboom_rosmaster_gazebo'], 'cwd': '/home/mo/yahboom_ws/build/yahboom_rosmaster_gazebo', 'env': OrderedDict([('LESSOPEN', '| /usr/bin/lesspipe %s'), ('LANGUAGE', 'en_US:en'), ('USER', 'mo'), ('LC_TIME', 'lzh_TW'), ('XDG_SESSION_TYPE', 'x11'), ('SHLVL', '1'), ('LD_LIBRARY_PATH', '/home/mo/yahboom_ws/install/yahboom_rosmaster_msgs/lib:/home/mo/yahboom_ws/install/mecanum_drive_controller/lib:/opt/ros/humble/opt/rviz_ogre_vendor/lib:/opt/ros/humble/lib/x86_64-linux-gnu:/opt/ros/humble/lib'), ('HOME', '/home/mo'), ('OLDPWD', '/home/mo/yahboom_ws'), ('DESKTOP_SESSION', 'ubuntu'), ('ROS_PYTHON_VERSION', '3'), ('GNOME_SHELL_SESSION_MODE', 'ubuntu'), ('GTK_MODULES', 'gail:atk-bridge'), ('LC_MONETARY', 'lzh_TW'), ('SYSTEMD_EXEC_PID', '171333'), ('DBUS_SESSION_BUS_ADDRESS', 'unix:path=/run/user/1000/bus'), ('COLORTERM', 'truecolor'), ('COLCON_PREFIX_PATH', '/home/mo/yahboom_ws/install'), ('ROS_DISTRO', 'humble'), ('GTK_IM_MODULE', 'ibus'), ('LOGNAME', 'mo'), ('_', '/usr/bin/colcon'), ('ROS_VERSION', '2'), ('XDG_SESSION_CLASS', 'user'), ('USERNAME', 'mo'), ('TERM', 'xterm-256color'), ('GNOME_DESKTOP_SESSION_ID', 'this-is-deprecated'), ('ROS_LOCALHOST_ONLY', '0'), ('WINDOWPATH', '2'), ('PATH', '/opt/ros/humble/bin:/usr/local/sbin:/usr/local/bin:/usr/sbin:/usr/bin:/sbin:/bin:/usr/games:/usr/local/games:/snap/bin:/snap/bin'), ('SESSION_MANAGER', 'local/mo:@/tmp/.ICE-unix/1328,unix/mo:/tmp/.ICE-unix/1328'), ('PAPERSIZE', 'a4'), ('XDG_MENU_PREFIX', 'gnome-'), ('LC_ADDRESS', 'lzh_TW'), ('GNOME_TERMINAL_SCREEN', '/org/gnome/Terminal/screen/335b0423_5fc8_467e_b388_bae527e73d68'), ('XDG_RUNTIME_DIR', '/run/user/1000'), ('DISPLAY', ':0'), ('LANG', 'en_US.UTF-8'), ('XDG_CURRENT_DESKTOP', 'ubuntu:GNOME'), ('LC_TELEPHONE', 'lzh_TW'), ('XMODIFIERS', '@im=ibus'), ('XDG_SESSION_DESKTOP', 'ubuntu'), ('XAUTHORITY', '/run/user/1000/gdm/Xauthority'), ('LS_COLORS', 'rs=0:di=01;34:ln=01;36:mh=00:pi=40;33:so=01;35:do=01;35:bd=40;33;01:cd=40;33;01:or=40;31;01:mi=00:su=37;41:sg=30;43:ca=30;41:tw=30;42:ow=34;42:st=37;44:ex=01;32:*.tar=01;31:*.tgz=01;31:*.arc=01;31:*.arj=01;31:*.taz=01;31:*.lha=01;31:*.lz4=01;31:*.lzh=01;31:*.lzma=01;31:*.tlz=01;31:*.txz=01;31:*.tzo=01;31:*.t7z=01;31:*.zip=01;31:*.z=01;31:*.dz=01;31:*.gz=01;31:*.lrz=01;31:*.lz=01;31:*.lzo=01;31:*.xz=01;31:*.zst=01;31:*.tzst=01;31:*.bz2=01;31:*.bz=01;31:*.tbz=01;31:*.tbz2=01;31:*.tz=01;31:*.deb=01;31:*.rpm=01;31:*.jar=01;31:*.war=01;31:*.ear=01;31:*.sar=01;31:*.rar=01;31:*.alz=01;31:*.ace=01;31:*.zoo=01;31:*.cpio=01;31:*.7z=01;31:*.rz=01;31:*.cab=01;31:*.wim=01;31:*.swm=01;31:*.dwm=01;31:*.esd=01;31:*.jpg=01;35:*.jpeg=01;35:*.mjpg=01;35:*.mjpeg=01;35:*.gif=01;35:*.bmp=01;35:*.pbm=01;35:*.pgm=01;35:*.ppm=01;35:*.tga=01;35:*.xbm=01;35:*.xpm=01;35:*.tif=01;35:*.tiff=01;35:*.png=01;35:*.svg=01;35:*.svgz=01;35:*.mng=01;35:*.pcx=01;35:*.mov=01;35:*.mpg=01;35:*.mpeg=01;35:*.m2v=01;35:*.mkv=01;35:*.webm=01;35:*.webp=01;35:*.ogm=01;35:*.mp4=01;35:*.m4v=01;35:*.mp4v=01;35:*.vob=01;35:*.qt=01;35:*.nuv=01;35:*.wmv=01;35:*.asf=01;35:*.rm=01;35:*.rmvb=01;35:*.flc=01;35:*.avi=01;35:*.fli=01;35:*.flv=01;35:*.gl=01;35:*.dl=01;35:*.xcf=01;35:*.xwd=01;35:*.yuv=01;35:*.cgm=01;35:*.emf=01;35:*.ogv=01;35:*.ogx=01;35:*.aac=00;36:*.au=00;36:*.flac=00;36:*.m4a=00;36:*.mid=00;36:*.midi=00;36:*.mka=00;36:*.mp3=00;36:*.mpc=00;36:*.ogg=00;36:*.ra=00;36:*.wav=00;36:*.oga=00;36:*.opus=00;36:*.spx=00;36:*.xspf=00;36:'), ('GNOME_TERMINAL_SERVICE', ':1.674'), ('SSH_AGENT_LAUNCHER', 'gnome-keyring'), ('SSH_AUTH_SOCK', '/run/user/1000/keyring/ssh'), ('AMENT_PREFIX_PATH', '/home/mo/yahboom_ws/install/yahboom_rosmaster:/home/mo/yahboom_ws/install/yahboom_rosmaster_system_tests:/home/mo/yahboom_ws/install/yahboom_rosmaster_navigation:/home/mo/yahboom_ws/install/yahboom_rosmaster_msgs:/home/mo/yahboom_ws/install/yahboom_rosmaster_localization:/home/mo/yahboom_ws/install/yahboom_rosmaster_gazebo:/home/mo/yahboom_ws/install/yahboom_rosmaster_description:/home/mo/yahboom_ws/install/yahboom_rosmaster_bringup:/home/mo/yahboom_ws/install/mecanum_drive_controller:/opt/ros/humble'), ('SHELL', '/bin/bash'), ('LC_NAME', 'lzh_TW'), ('QT_ACCESSIBILITY', '1'), ('GDMSESSION', 'ubuntu'), ('LESSCLOSE', '/usr/bin/lesspipe %s %s'), ('LC_MEASUREMENT', 'lzh_TW'), ('GPG_AGENT_INFO', '/run/user/1000/gnupg/S.gpg-agent:0:1'), ('LC_IDENTIFICATION', 'lzh_TW'), ('QT_IM_MODULE', 'ibus'), ('PWD', '/home/mo/yahboom_ws/build/yahboom_rosmaster_gazebo'), ('XDG_CONFIG_DIRS', '/etc/xdg/xdg-ubuntu:/etc/xdg'), ('XDG_DATA_DIRS', '/usr/share/ubuntu:/usr/share/gnome:/usr/local/share/:/usr/share/:/var/lib/snapd/desktop'), ('PYTHONPATH', '/home/mo/yahboom_ws/install/yahboom_rosmaster_navigation/local/lib/python3.10/dist-packages:/home/mo/yahboom_ws/install/yahboom_rosmaster_msgs/local/lib/python3.10/dist-packages:/opt/ros/humble/lib/python3.10/site-packages:/opt/ros/humble/local/lib/python3.10/dist-packages'), ('LC_NUMERIC', 'lzh_TW'), ('LC_PAPER', 'lzh_TW'), ('COLCON', '1'), ('VTE_VERSION', '6800'), ('CMAKE_PREFIX_PATH', '/home/mo/yahboom_ws/install/yahboom_rosmaster:/home/mo/yahboom_ws/install/yahboom_rosmaster_system_tests:/home/mo/yahboom_ws/install/yahboom_rosmaster_navigation:/home/mo/yahboom_ws/install/yahboom_rosmaster_msgs:/home/mo/yahboom_ws/install/yahboom_rosmaster_localization:/home/mo/yahboom_ws/install/yahboom_rosmaster_gazebo:/home/mo/yahboom_ws/install/yahboom_rosmaster_description:/home/mo/yahboom_ws/install/yahboom_rosmaster_bringup:/home/mo/yahboom_ws/install/mecanum_drive_controller:/opt/ros/humble')]), 'shell': False}
[9.073109] (-) TimerEvent: {}
[9.078422] (yahboom_rosmaster_description) StdoutLine: {'line': b'-- Installing: /home/mo/yahboom_ws/install/yahboom_rosmaster_description/share/yahboom_rosmaster_description/config/rosmaster_x3_2/ros2_controllers_template.yaml\n'}
[9.090747] (yahboom_rosmaster_description) StdoutLine: {'line': b'-- Installing: /home/mo/yahboom_ws/install/yahboom_rosmaster_description/share/yahboom_rosmaster_description/config/rosmaster_x3_3\n'}
[9.090908] (yahboom_rosmaster_description) StdoutLine: {'line': b'-- Installing: /home/mo/yahboom_ws/install/yahboom_rosmaster_description/share/yahboom_rosmaster_description/config/rosmaster_x3_3/ros2_controllers.yaml\n'}
[9.100445] (yahboom_rosmaster_description) StdoutLine: {'line': b'-- Installing: /home/mo/yahboom_ws/install/yahboom_rosmaster_description/share/yahboom_rosmaster_description/config/rosmaster_x3_3/rosmaster_x3\n'}
[9.100656] (yahboom_rosmaster_description) StdoutLine: {'line': b'-- Installing: /home/mo/yahboom_ws/install/yahboom_rosmaster_description/share/yahboom_rosmaster_description/config/rosmaster_x3_3/rosmaster_x3/ros2_controllers.yaml\n'}
[9.101740] (yahboom_rosmaster_description) StdoutLine: {'line': b'-- Installing: /home/mo/yahboom_ws/install/yahboom_rosmaster_description/share/yahboom_rosmaster_description/config/rosmaster_x3_3/rosmaster_x3/my_ros2_controllers.yaml\n'}
[9.102101] (yahboom_rosmaster_description) StdoutLine: {'line': b'-- Installing: /home/mo/yahboom_ws/install/yahboom_rosmaster_description/share/yahboom_rosmaster_description/config/rosmaster_x3_3/rosmaster_x3/ros2_controllers_template.yaml\n'}
[9.105121] (yahboom_rosmaster_description) StdoutLine: {'line': b'-- Installing: /home/mo/yahboom_ws/install/yahboom_rosmaster_description/share/yahboom_rosmaster_description/config/rosmaster_x3_3/my_ros2_controllers.yaml\n'}
[9.132521] (yahboom_rosmaster_description) StdoutLine: {'line': b'-- Installing: /home/mo/yahboom_ws/install/yahboom_rosmaster_description/share/yahboom_rosmaster_description/config/rosmaster_x3_3/ros2_controllers_template.yaml\n'}
[9.136870] (yahboom_rosmaster_description) StdoutLine: {'line': b'-- Installing: /home/mo/yahboom_ws/install/yahboom_rosmaster_description/share/yahboom_rosmaster_description/config/rosmaster_x3_1\n'}
[9.137027] (yahboom_rosmaster_description) StdoutLine: {'line': b'-- Installing: /home/mo/yahboom_ws/install/yahboom_rosmaster_description/share/yahboom_rosmaster_description/config/rosmaster_x3_1/ros2_controllers.yaml\n'}
[9.137114] (yahboom_rosmaster_description) StdoutLine: {'line': b'-- Installing: /home/mo/yahboom_ws/install/yahboom_rosmaster_description/share/yahboom_rosmaster_description/config/rosmaster_x3_1/rosmaster_x3\n'}
[9.137176] (yahboom_rosmaster_description) StdoutLine: {'line': b'-- Installing: /home/mo/yahboom_ws/install/yahboom_rosmaster_description/share/yahboom_rosmaster_description/config/rosmaster_x3_1/rosmaster_x3/ros2_controllers.yaml\n'}
[9.137236] (yahboom_rosmaster_description) StdoutLine: {'line': b'-- Installing: /home/mo/yahboom_ws/install/yahboom_rosmaster_description/share/yahboom_rosmaster_description/config/rosmaster_x3_1/rosmaster_x3/my_ros2_controllers.yaml\n'}
[9.140050] (yahboom_rosmaster_description) StdoutLine: {'line': b'-- Installing: /home/mo/yahboom_ws/install/yahboom_rosmaster_description/share/yahboom_rosmaster_description/config/rosmaster_x3_1/rosmaster_x3/ros2_controllers_template.yaml\n'}
[9.141353] (yahboom_rosmaster_description) StdoutLine: {'line': b'-- Installing: /home/mo/yahboom_ws/install/yahboom_rosmaster_description/share/yahboom_rosmaster_description/config/rosmaster_x3_1/my_ros2_controllers.yaml\n'}
[9.149803] (yahboom_rosmaster_description) StdoutLine: {'line': b'-- Installing: /home/mo/yahboom_ws/install/yahboom_rosmaster_description/share/yahboom_rosmaster_description/config/rosmaster_x3_1/ros2_controllers_template.yaml\n'}
[9.161089] (yahboom_rosmaster_description) StdoutLine: {'line': b'-- Installing: /home/mo/yahboom_ws/install/yahboom_rosmaster_description/share/yahboom_rosmaster_description/config/rosmaster_x3\n'}
[9.161274] (yahboom_rosmaster_gazebo) StdoutLine: {'line': b'-- The C compiler identification is GNU 11.4.0\n'}
[9.161465] (yahboom_rosmaster_description) StdoutLine: {'line': b'-- Installing: /home/mo/yahboom_ws/install/yahboom_rosmaster_description/share/yahboom_rosmaster_description/config/rosmaster_x3/ros2_controllers.yaml\n'}
[9.161580] (yahboom_rosmaster_description) StdoutLine: {'line': b'-- Installing: /home/mo/yahboom_ws/install/yahboom_rosmaster_description/share/yahboom_rosmaster_description/config/rosmaster_x3/my_ros2_controllers.yaml\n'}
[9.161662] (yahboom_rosmaster_description) StdoutLine: {'line': b'-- Installing: /home/mo/yahboom_ws/install/yahboom_rosmaster_description/share/yahboom_rosmaster_description/config/rosmaster_x3/ros2_controllers_template.yaml\n'}
[9.161730] (yahboom_rosmaster_description) StdoutLine: {'line': b'-- Installing: /home/mo/yahboom_ws/install/yahboom_rosmaster_description/share/yahboom_rosmaster_description/launch\n'}
[9.161796] (yahboom_rosmaster_description) StdoutLine: {'line': b'-- Installing: /home/mo/yahboom_ws/install/yahboom_rosmaster_description/share/yahboom_rosmaster_description/launch/robot_state_publisher.launch.py\n'}
[9.176667] (yahboom_rosmaster_docking) StdoutLine: {'line': b'-- Found rosidl_generator_c: 3.1.8 (/opt/ros/humble/share/rosidl_generator_c/cmake)\n'}
[9.176832] (-) TimerEvent: {}
[9.177802] (yahboom_rosmaster_description) StdoutLine: {'line': b'-- Installing: /home/mo/yahboom_ws/install/yahboom_rosmaster_description/share/yahboom_rosmaster_description/launch/__pycache__\n'}
[9.177951] (yahboom_rosmaster_description) StdoutLine: {'line': b'-- Installing: /home/mo/yahboom_ws/install/yahboom_rosmaster_description/share/yahboom_rosmaster_description/meshes\n'}
[9.178022] (yahboom_rosmaster_description) StdoutLine: {'line': b'-- Installing: /home/mo/yahboom_ws/install/yahboom_rosmaster_description/share/yahboom_rosmaster_description/meshes/rplidar\n'}
[9.178096] (yahboom_rosmaster_description) StdoutLine: {'line': b'-- Installing: /home/mo/yahboom_ws/install/yahboom_rosmaster_description/share/yahboom_rosmaster_description/meshes/rplidar/rplidar_s2.stl\n'}
[9.183025] (yahboom_rosmaster_description) StdoutLine: {'line': b'-- Installing: /home/mo/yahboom_ws/install/yahboom_rosmaster_description/share/yahboom_rosmaster_description/meshes/rosmaster_x3\n'}
[9.183379] (yahboom_rosmaster_description) StdoutLine: {'line': b'-- Installing: /home/mo/yahboom_ws/install/yahboom_rosmaster_description/share/yahboom_rosmaster_description/meshes/rosmaster_x3/visual\n'}
[9.183657] (yahboom_rosmaster_description) StdoutLine: {'line': b'-- Installing: /home/mo/yahboom_ws/install/yahboom_rosmaster_description/share/yahboom_rosmaster_description/meshes/rosmaster_x3/visual/back_left_wheel_X3.STL\n'}
[9.187515] (yahboom_rosmaster_description) StdoutLine: {'line': b'-- Installing: /home/mo/yahboom_ws/install/yahboom_rosmaster_description/share/yahboom_rosmaster_description/meshes/rosmaster_x3/visual/camera_link.STL\n'}
[9.193952] (yahboom_rosmaster_docking) StdoutLine: {'line': b'-- Found rosidl_adapter: 3.1.8 (/opt/ros/humble/share/rosidl_adapter/cmake)\n'}
[9.242128] (yahboom_rosmaster_gazebo) StdoutLine: {'line': b'-- The CXX compiler identification is GNU 11.4.0\n'}
[9.251503] (yahboom_rosmaster_gazebo) StdoutLine: {'line': b'-- Detecting C compiler ABI info\n'}
[9.253818] (yahboom_rosmaster_description) StdoutLine: {'line': b'-- Installing: /home/mo/yahboom_ws/install/yahboom_rosmaster_description/share/yahboom_rosmaster_description/meshes/rosmaster_x3/visual/base_link_X3.STL\n'}
[9.264170] (yahboom_rosmaster_description) StdoutLine: {'line': b'-- Installing: /home/mo/yahboom_ws/install/yahboom_rosmaster_description/share/yahboom_rosmaster_description/meshes/rosmaster_x3/visual/front_left_wheel_X3.STL\n'}
[9.269234] (yahboom_rosmaster_description) StdoutLine: {'line': b'-- Installing: /home/mo/yahboom_ws/install/yahboom_rosmaster_description/share/yahboom_rosmaster_description/meshes/rosmaster_x3/visual/back_right_wheel_X3.STL\n'}
[9.274219] (yahboom_rosmaster_description) StdoutLine: {'line': b'-- Installing: /home/mo/yahboom_ws/install/yahboom_rosmaster_description/share/yahboom_rosmaster_description/meshes/rosmaster_x3/visual/front_right_wheel_X3.STL\n'}
[9.277037] (-) TimerEvent: {}
[9.278097] (yahboom_rosmaster_description) StdoutLine: {'line': b'-- Installing: /home/mo/yahboom_ws/install/yahboom_rosmaster_description/share/yahboom_rosmaster_description/meshes/rosmaster_x3/visual/laser_link.STL\n'}
[9.290870] (yahboom_rosmaster_docking) StdoutLine: {'line': b'-- Found rosidl_generator_cpp: 3.1.8 (/opt/ros/humble/share/rosidl_generator_cpp/cmake)\n'}
[9.371343] (yahboom_rosmaster_gazebo) StdoutLine: {'line': b'-- Detecting C compiler ABI info - done\n'}
[9.377166] (-) TimerEvent: {}
[9.382843] (yahboom_rosmaster_gazebo) StdoutLine: {'line': b'-- Check for working C compiler: /usr/bin/cc - skipped\n'}
[9.383043] (yahboom_rosmaster_gazebo) StdoutLine: {'line': b'-- Detecting C compile features\n'}
[9.383132] (yahboom_rosmaster_gazebo) StdoutLine: {'line': b'-- Detecting C compile features - done\n'}
[9.388820] (yahboom_rosmaster_gazebo) StdoutLine: {'line': b'-- Detecting CXX compiler ABI info\n'}
[9.477265] (-) TimerEvent: {}
[9.559927] (yahboom_rosmaster_gazebo) StdoutLine: {'line': b'-- Detecting CXX compiler ABI info - done\n'}
[9.570319] (yahboom_rosmaster_gazebo) StdoutLine: {'line': b'-- Check for working CXX compiler: /usr/bin/c++ - skipped\n'}
[9.572588] (yahboom_rosmaster_gazebo) StdoutLine: {'line': b'-- Detecting CXX compile features\n'}
[9.572753] (yahboom_rosmaster_gazebo) StdoutLine: {'line': b'-- Detecting CXX compile features - done\n'}
[9.574934] (yahboom_rosmaster_gazebo) StdoutLine: {'line': b'-- Found ament_cmake: 1.3.13 (/opt/ros/humble/share/ament_cmake/cmake)\n'}
[9.577360] (-) TimerEvent: {}
[9.677628] (-) TimerEvent: {}
[9.778023] (-) TimerEvent: {}
[9.787922] (yahboom_rosmaster_gazebo) StdoutLine: {'line': b'-- Found Python3: /usr/bin/python3 (found version "3.10.12") found components: Interpreter \n'}
[9.874875] (yahboom_rosmaster_msgs) StdoutLine: {'line': b'-- Using all available rosidl_typesupport_cpp: rosidl_typesupport_fastrtps_cpp;rosidl_typesupport_introspection_cpp\n'}
[9.878799] (-) TimerEvent: {}
[9.896768] (yahboom_rosmaster_docking) StdoutLine: {'line': b'-- Using all available rosidl_typesupport_c: rosidl_typesupport_fastrtps_c;rosidl_typesupport_introspection_c\n'}
[9.928647] (yahboom_rosmaster_docking) StdoutLine: {'line': b'-- Using all available rosidl_typesupport_cpp: rosidl_typesupport_fastrtps_cpp;rosidl_typesupport_introspection_cpp\n'}
[9.978924] (-) TimerEvent: {}
[10.079558] (-) TimerEvent: {}
[10.085190] (yahboom_rosmaster_description) StdoutLine: {'line': b'-- Installing: /home/mo/yahboom_ws/install/yahboom_rosmaster_description/share/yahboom_rosmaster_description/meshes/intel_realsense\n'}
[10.085371] (yahboom_rosmaster_description) StdoutLine: {'line': b'-- Installing: /home/mo/yahboom_ws/install/yahboom_rosmaster_description/share/yahboom_rosmaster_description/meshes/intel_realsense/visual\n'}
[10.086170] (yahboom_rosmaster_description) StdoutLine: {'line': b'-- Installing: /home/mo/yahboom_ws/install/yahboom_rosmaster_description/share/yahboom_rosmaster_description/meshes/intel_realsense/visual/d435.stl\n'}
[10.100624] (yahboom_rosmaster_description) StdoutLine: {'line': b'-- Installing: /home/mo/yahboom_ws/install/yahboom_rosmaster_description/share/yahboom_rosmaster_description/urdf\n'}
[10.100837] (yahboom_rosmaster_description) StdoutLine: {'line': b'-- Installing: /home/mo/yahboom_ws/install/yahboom_rosmaster_description/share/yahboom_rosmaster_description/urdf/robots\n'}
[10.100920] (yahboom_rosmaster_description) StdoutLine: {'line': b'-- Installing: /home/mo/yahboom_ws/install/yahboom_rosmaster_description/share/yahboom_rosmaster_description/urdf/robots/rosmaster_x3.urdf.xacro\n'}
[10.101070] (yahboom_rosmaster_description) StdoutLine: {'line': b'-- Installing: /home/mo/yahboom_ws/install/yahboom_rosmaster_description/share/yahboom_rosmaster_description/urdf/sensors\n'}
[10.101189] (yahboom_rosmaster_description) StdoutLine: {'line': b'-- Installing: /home/mo/yahboom_ws/install/yahboom_rosmaster_description/share/yahboom_rosmaster_description/urdf/sensors/imu.urdf.xacro\n'}
[10.101359] (yahboom_rosmaster_description) StdoutLine: {'line': b'-- Installing: /home/mo/yahboom_ws/install/yahboom_rosmaster_description/share/yahboom_rosmaster_description/urdf/sensors/lidar.urdf.xacro\n'}
[10.101466] (yahboom_rosmaster_description) StdoutLine: {'line': b'-- Installing: /home/mo/yahboom_ws/install/yahboom_rosmaster_description/share/yahboom_rosmaster_description/urdf/sensors/rgbd_camera.urdf.xacro\n'}
[10.101709] (yahboom_rosmaster_description) StdoutLine: {'line': b'-- Installing: /home/mo/yahboom_ws/install/yahboom_rosmaster_description/share/yahboom_rosmaster_description/urdf/control\n'}
[10.101833] (yahboom_rosmaster_description) StdoutLine: {'line': b'-- Installing: /home/mo/yahboom_ws/install/yahboom_rosmaster_description/share/yahboom_rosmaster_description/urdf/control/gazebo_sim_ros2_control.urdf.xacro\n'}
[10.101933] (yahboom_rosmaster_description) StdoutLine: {'line': b'-- Installing: /home/mo/yahboom_ws/install/yahboom_rosmaster_description/share/yahboom_rosmaster_description/urdf/control/rosmaster_x3_ros2_control.urdf.xacro\n'}
[10.102113] (yahboom_rosmaster_description) StdoutLine: {'line': b'-- Installing: /home/mo/yahboom_ws/install/yahboom_rosmaster_description/share/yahboom_rosmaster_description/urdf/control/velocity_control_plugin.urdf.xacro\n'}
[10.111565] (yahboom_rosmaster_description) StdoutLine: {'line': b'-- Installing: /home/mo/yahboom_ws/install/yahboom_rosmaster_description/share/yahboom_rosmaster_description/urdf/mech\n'}
[10.111825] (yahboom_rosmaster_gazebo) StdoutLine: {'line': b'-- Found controller_manager: 2.53.1 (/opt/ros/humble/share/controller_manager/cmake)\n'}
[10.111942] (yahboom_rosmaster_description) StdoutLine: {'line': b'-- Installing: /home/mo/yahboom_ws/install/yahboom_rosmaster_description/share/yahboom_rosmaster_description/urdf/mech/rosmaster_x3_base.urdf.xacro\n'}
[10.112082] (yahboom_rosmaster_description) StdoutLine: {'line': b'-- Installing: /home/mo/yahboom_ws/install/yahboom_rosmaster_description/share/yahboom_rosmaster_description/urdf/mech/mecanum_wheel.urdf.xacro\n'}
[10.112888] (yahboom_rosmaster_description) StdoutLine: {'line': b'-- Installing: /home/mo/yahboom_ws/install/yahboom_rosmaster_description/share/yahboom_rosmaster_description/rviz\n'}
[10.113288] (yahboom_rosmaster_description) StdoutLine: {'line': b'-- Installing: /home/mo/yahboom_ws/install/yahboom_rosmaster_description/share/yahboom_rosmaster_description/rviz/yahboom_rosmaster_description.rviz\n'}
[10.129744] (yahboom_rosmaster_description) StdoutLine: {'line': b'-- Installing: /home/mo/yahboom_ws/install/yahboom_rosmaster_description/share/ament_index/resource_index/package_run_dependencies/yahboom_rosmaster_description\n'}
[10.129903] (yahboom_rosmaster_description) StdoutLine: {'line': b'-- Installing: /home/mo/yahboom_ws/install/yahboom_rosmaster_description/share/ament_index/resource_index/parent_prefix_path/yahboom_rosmaster_description\n'}
[10.129977] (yahboom_rosmaster_description) StdoutLine: {'line': b'-- Installing: /home/mo/yahboom_ws/install/yahboom_rosmaster_description/share/yahboom_rosmaster_description/environment/ament_prefix_path.sh\n'}
[10.130040] (yahboom_rosmaster_description) StdoutLine: {'line': b'-- Installing: /home/mo/yahboom_ws/install/yahboom_rosmaster_description/share/yahboom_rosmaster_description/environment/ament_prefix_path.dsv\n'}
[10.130099] (yahboom_rosmaster_description) StdoutLine: {'line': b'-- Installing: /home/mo/yahboom_ws/install/yahboom_rosmaster_description/share/yahboom_rosmaster_description/environment/path.sh\n'}
[10.130158] (yahboom_rosmaster_description) StdoutLine: {'line': b'-- Installing: /home/mo/yahboom_ws/install/yahboom_rosmaster_description/share/yahboom_rosmaster_description/environment/path.dsv\n'}
[10.130216] (yahboom_rosmaster_description) StdoutLine: {'line': b'-- Installing: /home/mo/yahboom_ws/install/yahboom_rosmaster_description/share/yahboom_rosmaster_description/local_setup.bash\n'}
[10.130273] (yahboom_rosmaster_description) StdoutLine: {'line': b'-- Installing: /home/mo/yahboom_ws/install/yahboom_rosmaster_description/share/yahboom_rosmaster_description/local_setup.sh\n'}
[10.130331] (yahboom_rosmaster_description) StdoutLine: {'line': b'-- Installing: /home/mo/yahboom_ws/install/yahboom_rosmaster_description/share/yahboom_rosmaster_description/local_setup.zsh\n'}
[10.130387] (yahboom_rosmaster_description) StdoutLine: {'line': b'-- Installing: /home/mo/yahboom_ws/install/yahboom_rosmaster_description/share/yahboom_rosmaster_description/local_setup.dsv\n'}
[10.130456] (yahboom_rosmaster_description) StdoutLine: {'line': b'-- Installing: /home/mo/yahboom_ws/install/yahboom_rosmaster_description/share/yahboom_rosmaster_description/package.dsv\n'}
[10.130514] (yahboom_rosmaster_description) StdoutLine: {'line': b'-- Installing: /home/mo/yahboom_ws/install/yahboom_rosmaster_description/share/ament_index/resource_index/packages/yahboom_rosmaster_description\n'}
[10.131574] (yahboom_rosmaster_description) StdoutLine: {'line': b'-- Installing: /home/mo/yahboom_ws/install/yahboom_rosmaster_description/share/yahboom_rosmaster_description/cmake/yahboom_rosmaster_descriptionConfig.cmake\n'}
[10.132077] (yahboom_rosmaster_description) StdoutLine: {'line': b'-- Installing: /home/mo/yahboom_ws/install/yahboom_rosmaster_description/share/yahboom_rosmaster_description/cmake/yahboom_rosmaster_descriptionConfig-version.cmake\n'}
[10.132193] (yahboom_rosmaster_description) StdoutLine: {'line': b'-- Installing: /home/mo/yahboom_ws/install/yahboom_rosmaster_description/share/yahboom_rosmaster_description/package.xml\n'}
[10.133591] (yahboom_rosmaster_description) CommandEnded: {'returncode': 0}
[10.157127] (yahboom_rosmaster_description) JobEnded: {'identifier': 'yahboom_rosmaster_description', 'rc': 0}
[10.159537] (yahboom_rosmaster_localization) JobStarted: {'identifier': 'yahboom_rosmaster_localization'}
[10.165841] (yahboom_rosmaster_localization) JobProgress: {'identifier': 'yahboom_rosmaster_localization', 'progress': 'cmake'}
[10.170355] (yahboom_rosmaster_localization) Command: {'cmd': ['/usr/bin/cmake', '/home/mo/yahboom_ws/src/yahboom_rosmaster/yahboom_rosmaster_localization', '-DCMAKE_INSTALL_PREFIX=/home/mo/yahboom_ws/install/yahboom_rosmaster_localization'], 'cwd': '/home/mo/yahboom_ws/build/yahboom_rosmaster_localization', 'env': OrderedDict([('LESSOPEN', '| /usr/bin/lesspipe %s'), ('LANGUAGE', 'en_US:en'), ('USER', 'mo'), ('LC_TIME', 'lzh_TW'), ('XDG_SESSION_TYPE', 'x11'), ('SHLVL', '1'), ('LD_LIBRARY_PATH', '/home/mo/yahboom_ws/install/yahboom_rosmaster_msgs/lib:/home/mo/yahboom_ws/install/mecanum_drive_controller/lib:/opt/ros/humble/opt/rviz_ogre_vendor/lib:/opt/ros/humble/lib/x86_64-linux-gnu:/opt/ros/humble/lib'), ('HOME', '/home/mo'), ('OLDPWD', '/home/mo/yahboom_ws'), ('DESKTOP_SESSION', 'ubuntu'), ('ROS_PYTHON_VERSION', '3'), ('GNOME_SHELL_SESSION_MODE', 'ubuntu'), ('GTK_MODULES', 'gail:atk-bridge'), ('LC_MONETARY', 'lzh_TW'), ('SYSTEMD_EXEC_PID', '171333'), ('DBUS_SESSION_BUS_ADDRESS', 'unix:path=/run/user/1000/bus'), ('COLORTERM', 'truecolor'), ('COLCON_PREFIX_PATH', '/home/mo/yahboom_ws/install'), ('ROS_DISTRO', 'humble'), ('GTK_IM_MODULE', 'ibus'), ('LOGNAME', 'mo'), ('_', '/usr/bin/colcon'), ('ROS_VERSION', '2'), ('XDG_SESSION_CLASS', 'user'), ('USERNAME', 'mo'), ('TERM', 'xterm-256color'), ('GNOME_DESKTOP_SESSION_ID', 'this-is-deprecated'), ('ROS_LOCALHOST_ONLY', '0'), ('WINDOWPATH', '2'), ('PATH', '/opt/ros/humble/bin:/usr/local/sbin:/usr/local/bin:/usr/sbin:/usr/bin:/sbin:/bin:/usr/games:/usr/local/games:/snap/bin:/snap/bin'), ('SESSION_MANAGER', 'local/mo:@/tmp/.ICE-unix/1328,unix/mo:/tmp/.ICE-unix/1328'), ('PAPERSIZE', 'a4'), ('XDG_MENU_PREFIX', 'gnome-'), ('LC_ADDRESS', 'lzh_TW'), ('GNOME_TERMINAL_SCREEN', '/org/gnome/Terminal/screen/335b0423_5fc8_467e_b388_bae527e73d68'), ('XDG_RUNTIME_DIR', '/run/user/1000'), ('DISPLAY', ':0'), ('LANG', 'en_US.UTF-8'), ('XDG_CURRENT_DESKTOP', 'ubuntu:GNOME'), ('LC_TELEPHONE', 'lzh_TW'), ('XMODIFIERS', '@im=ibus'), ('XDG_SESSION_DESKTOP', 'ubuntu'), ('XAUTHORITY', '/run/user/1000/gdm/Xauthority'), ('LS_COLORS', 'rs=0:di=01;34:ln=01;36:mh=00:pi=40;33:so=01;35:do=01;35:bd=40;33;01:cd=40;33;01:or=40;31;01:mi=00:su=37;41:sg=30;43:ca=30;41:tw=30;42:ow=34;42:st=37;44:ex=01;32:*.tar=01;31:*.tgz=01;31:*.arc=01;31:*.arj=01;31:*.taz=01;31:*.lha=01;31:*.lz4=01;31:*.lzh=01;31:*.lzma=01;31:*.tlz=01;31:*.txz=01;31:*.tzo=01;31:*.t7z=01;31:*.zip=01;31:*.z=01;31:*.dz=01;31:*.gz=01;31:*.lrz=01;31:*.lz=01;31:*.lzo=01;31:*.xz=01;31:*.zst=01;31:*.tzst=01;31:*.bz2=01;31:*.bz=01;31:*.tbz=01;31:*.tbz2=01;31:*.tz=01;31:*.deb=01;31:*.rpm=01;31:*.jar=01;31:*.war=01;31:*.ear=01;31:*.sar=01;31:*.rar=01;31:*.alz=01;31:*.ace=01;31:*.zoo=01;31:*.cpio=01;31:*.7z=01;31:*.rz=01;31:*.cab=01;31:*.wim=01;31:*.swm=01;31:*.dwm=01;31:*.esd=01;31:*.jpg=01;35:*.jpeg=01;35:*.mjpg=01;35:*.mjpeg=01;35:*.gif=01;35:*.bmp=01;35:*.pbm=01;35:*.pgm=01;35:*.ppm=01;35:*.tga=01;35:*.xbm=01;35:*.xpm=01;35:*.tif=01;35:*.tiff=01;35:*.png=01;35:*.svg=01;35:*.svgz=01;35:*.mng=01;35:*.pcx=01;35:*.mov=01;35:*.mpg=01;35:*.mpeg=01;35:*.m2v=01;35:*.mkv=01;35:*.webm=01;35:*.webp=01;35:*.ogm=01;35:*.mp4=01;35:*.m4v=01;35:*.mp4v=01;35:*.vob=01;35:*.qt=01;35:*.nuv=01;35:*.wmv=01;35:*.asf=01;35:*.rm=01;35:*.rmvb=01;35:*.flc=01;35:*.avi=01;35:*.fli=01;35:*.flv=01;35:*.gl=01;35:*.dl=01;35:*.xcf=01;35:*.xwd=01;35:*.yuv=01;35:*.cgm=01;35:*.emf=01;35:*.ogv=01;35:*.ogx=01;35:*.aac=00;36:*.au=00;36:*.flac=00;36:*.m4a=00;36:*.mid=00;36:*.midi=00;36:*.mka=00;36:*.mp3=00;36:*.mpc=00;36:*.ogg=00;36:*.ra=00;36:*.wav=00;36:*.oga=00;36:*.opus=00;36:*.spx=00;36:*.xspf=00;36:'), ('GNOME_TERMINAL_SERVICE', ':1.674'), ('SSH_AGENT_LAUNCHER', 'gnome-keyring'), ('SSH_AUTH_SOCK', '/run/user/1000/keyring/ssh'), ('AMENT_PREFIX_PATH', '/home/mo/yahboom_ws/install/yahboom_rosmaster:/home/mo/yahboom_ws/install/yahboom_rosmaster_system_tests:/home/mo/yahboom_ws/install/yahboom_rosmaster_navigation:/home/mo/yahboom_ws/install/yahboom_rosmaster_msgs:/home/mo/yahboom_ws/install/yahboom_rosmaster_localization:/home/mo/yahboom_ws/install/yahboom_rosmaster_gazebo:/home/mo/yahboom_ws/install/yahboom_rosmaster_description:/home/mo/yahboom_ws/install/yahboom_rosmaster_bringup:/home/mo/yahboom_ws/install/mecanum_drive_controller:/opt/ros/humble'), ('SHELL', '/bin/bash'), ('LC_NAME', 'lzh_TW'), ('QT_ACCESSIBILITY', '1'), ('GDMSESSION', 'ubuntu'), ('LESSCLOSE', '/usr/bin/lesspipe %s %s'), ('LC_MEASUREMENT', 'lzh_TW'), ('GPG_AGENT_INFO', '/run/user/1000/gnupg/S.gpg-agent:0:1'), ('LC_IDENTIFICATION', 'lzh_TW'), ('QT_IM_MODULE', 'ibus'), ('PWD', '/home/mo/yahboom_ws/build/yahboom_rosmaster_localization'), ('XDG_CONFIG_DIRS', '/etc/xdg/xdg-ubuntu:/etc/xdg'), ('XDG_DATA_DIRS', '/usr/share/ubuntu:/usr/share/gnome:/usr/local/share/:/usr/share/:/var/lib/snapd/desktop'), ('PYTHONPATH', '/home/mo/yahboom_ws/install/yahboom_rosmaster_navigation/local/lib/python3.10/dist-packages:/home/mo/yahboom_ws/install/yahboom_rosmaster_msgs/local/lib/python3.10/dist-packages:/opt/ros/humble/lib/python3.10/site-packages:/opt/ros/humble/local/lib/python3.10/dist-packages'), ('LC_NUMERIC', 'lzh_TW'), ('LC_PAPER', 'lzh_TW'), ('COLCON', '1'), ('VTE_VERSION', '6800'), ('CMAKE_PREFIX_PATH', '/home/mo/yahboom_ws/install/yahboom_rosmaster:/home/mo/yahboom_ws/install/yahboom_rosmaster_system_tests:/home/mo/yahboom_ws/install/yahboom_rosmaster_navigation:/home/mo/yahboom_ws/install/yahboom_rosmaster_msgs:/home/mo/yahboom_ws/install/yahboom_rosmaster_localization:/home/mo/yahboom_ws/install/yahboom_rosmaster_gazebo:/home/mo/yahboom_ws/install/yahboom_rosmaster_description:/home/mo/yahboom_ws/install/yahboom_rosmaster_bringup:/home/mo/yahboom_ws/install/mecanum_drive_controller:/opt/ros/humble')]), 'shell': False}
[10.180465] (-) TimerEvent: {}
[10.280981] (-) TimerEvent: {}
[10.287096] (yahboom_rosmaster_localization) StdoutLine: {'line': b'-- The C compiler identification is GNU 11.4.0\n'}
[10.375228] (yahboom_rosmaster_localization) StdoutLine: {'line': b'-- The CXX compiler identification is GNU 11.4.0\n'}
[10.381104] (-) TimerEvent: {}
[10.385696] (yahboom_rosmaster_localization) StdoutLine: {'line': b'-- Detecting C compiler ABI info\n'}
[10.481227] (-) TimerEvent: {}
[10.512848] (yahboom_rosmaster_localization) StdoutLine: {'line': b'-- Detecting C compiler ABI info - done\n'}
[10.523755] (yahboom_rosmaster_localization) StdoutLine: {'line': b'-- Check for working C compiler: /usr/bin/cc - skipped\n'}
[10.524660] (yahboom_rosmaster_localization) StdoutLine: {'line': b'-- Detecting C compile features\n'}
[10.524915] (yahboom_rosmaster_localization) StdoutLine: {'line': b'-- Detecting C compile features - done\n'}
[10.528704] (yahboom_rosmaster_localization) StdoutLine: {'line': b'-- Detecting CXX compiler ABI info\n'}
[10.581451] (-) TimerEvent: {}
[10.686321] (-) TimerEvent: {}
[10.745392] (yahboom_rosmaster_localization) StdoutLine: {'line': b'-- Detecting CXX compiler ABI info - done\n'}
[10.770246] (yahboom_rosmaster_docking) StdoutLine: {'line': b'-- Found rclcpp: 16.0.18 (/opt/ros/humble/share/rclcpp/cmake)\n'}
[10.774097] (yahboom_rosmaster_localization) StdoutLine: {'line': b'-- Check for working CXX compiler: /usr/bin/c++ - skipped\n'}
[10.774817] (yahboom_rosmaster_localization) StdoutLine: {'line': b'-- Detecting CXX compile features\n'}
[10.774963] (yahboom_rosmaster_localization) StdoutLine: {'line': b'-- Detecting CXX compile features - done\n'}
[10.778029] (yahboom_rosmaster_localization) StdoutLine: {'line': b'-- Found ament_cmake: 1.3.13 (/opt/ros/humble/share/ament_cmake/cmake)\n'}
[10.786679] (-) TimerEvent: {}
[10.797021] (yahboom_rosmaster_gazebo) StdoutLine: {'line': b'-- Found rosidl_generator_c: 3.1.8 (/opt/ros/humble/share/rosidl_generator_c/cmake)\n'}
[10.813150] (yahboom_rosmaster_gazebo) StdoutLine: {'line': b'-- Found rosidl_adapter: 3.1.8 (/opt/ros/humble/share/rosidl_adapter/cmake)\n'}
[10.828049] (yahboom_rosmaster_gazebo) StdoutLine: {'line': b'-- Found rosidl_generator_cpp: 3.1.8 (/opt/ros/humble/share/rosidl_generator_cpp/cmake)\n'}
[10.855078] (yahboom_rosmaster_gazebo) StdoutLine: {'line': b'-- Using all available rosidl_typesupport_c: rosidl_typesupport_fastrtps_c;rosidl_typesupport_introspection_c\n'}
[10.886787] (-) TimerEvent: {}
[10.888676] (yahboom_rosmaster_gazebo) StdoutLine: {'line': b'-- Using all available rosidl_typesupport_cpp: rosidl_typesupport_fastrtps_cpp;rosidl_typesupport_introspection_cpp\n'}
[10.986900] (-) TimerEvent: {}
[11.042842] (yahboom_rosmaster_localization) StdoutLine: {'line': b'-- Found Python3: /usr/bin/python3 (found version "3.10.12") found components: Interpreter \n'}
[11.087597] (-) TimerEvent: {}
[11.188132] (-) TimerEvent: {}
[11.234846] (yahboom_rosmaster_localization) StdoutLine: {'line': b'-- Found robot_localization: 3.5.4 (/opt/ros/humble/share/robot_localization/cmake)\n'}
[11.288233] (-) TimerEvent: {}
[11.315383] (yahboom_rosmaster_localization) StdoutLine: {'line': b'-- Found rosidl_generator_c: 3.1.8 (/opt/ros/humble/share/rosidl_generator_c/cmake)\n'}
[11.323923] (yahboom_rosmaster_localization) StdoutLine: {'line': b'-- Found rosidl_adapter: 3.1.8 (/opt/ros/humble/share/rosidl_adapter/cmake)\n'}
[11.334644] (yahboom_rosmaster_localization) StdoutLine: {'line': b'-- Found rosidl_generator_cpp: 3.1.8 (/opt/ros/humble/share/rosidl_generator_cpp/cmake)\n'}
[11.353607] (yahboom_rosmaster_localization) StdoutLine: {'line': b'-- Using all available rosidl_typesupport_c: rosidl_typesupport_fastrtps_c;rosidl_typesupport_introspection_c\n'}
[11.372962] (yahboom_rosmaster_localization) StdoutLine: {'line': b'-- Using all available rosidl_typesupport_cpp: rosidl_typesupport_fastrtps_cpp;rosidl_typesupport_introspection_cpp\n'}
[11.388478] (-) TimerEvent: {}
[11.489083] (-) TimerEvent: {}
[11.589859] (-) TimerEvent: {}
[11.690116] (-) TimerEvent: {}
[11.790469] (-) TimerEvent: {}
[11.822322] (yahboom_rosmaster_msgs) StdoutLine: {'line': b'-- Found ament_cmake_ros: 0.10.0 (/opt/ros/humble/share/ament_cmake_ros/cmake)\n'}
[11.890569] (-) TimerEvent: {}
[11.918449] (yahboom_rosmaster_docking) StdoutLine: {'line': b'-- Found rmw_implementation_cmake: 6.1.2 (/opt/ros/humble/share/rmw_implementation_cmake/cmake)\n'}
[11.990666] (-) TimerEvent: {}
[12.064040] (yahboom_rosmaster_docking) StdoutLine: {'line': b'-- Found rmw_fastrtps_cpp: 6.2.10 (/opt/ros/humble/share/rmw_fastrtps_cpp/cmake)\n'}
[12.090761] (-) TimerEvent: {}
[12.191159] (-) TimerEvent: {}
[12.291424] (-) TimerEvent: {}
[12.391725] (-) TimerEvent: {}
[12.435861] (yahboom_rosmaster_localization) StdoutLine: {'line': b'-- Found ament_lint_auto: 0.12.15 (/opt/ros/humble/share/ament_lint_auto/cmake)\n'}
[12.492089] (-) TimerEvent: {}
[12.547561] (yahboom_rosmaster_localization) StdoutLine: {'line': b"-- Added test 'flake8' to check Python code syntax and style conventions\n"}
[12.552265] (yahboom_rosmaster_localization) StdoutLine: {'line': b"-- Added test 'lint_cmake' to check CMake code style\n"}
[12.552990] (yahboom_rosmaster_localization) StdoutLine: {'line': b"-- Added test 'pep257' to check Python code against some of the docstring style conventions in PEP 257\n"}
[12.554566] (yahboom_rosmaster_localization) StdoutLine: {'line': b"-- Added test 'xmllint' to check XML markup files\n"}
[12.556332] (yahboom_rosmaster_localization) StdoutLine: {'line': b'-- Configuring done\n'}
[12.563846] (yahboom_rosmaster_localization) StdoutLine: {'line': b'-- Generating done\n'}
[12.567069] (yahboom_rosmaster_localization) StdoutLine: {'line': b'-- Build files have been written to: /home/mo/yahboom_ws/build/yahboom_rosmaster_localization\n'}
[12.575968] (yahboom_rosmaster_localization) CommandEnded: {'returncode': 0}
[12.576376] (yahboom_rosmaster_localization) JobProgress: {'identifier': 'yahboom_rosmaster_localization', 'progress': 'build'}
[12.576406] (yahboom_rosmaster_localization) Command: {'cmd': ['/usr/bin/cmake', '--build', '/home/mo/yahboom_ws/build/yahboom_rosmaster_localization', '--', '-j4', '-l4'], 'cwd': '/home/mo/yahboom_ws/build/yahboom_rosmaster_localization', 'env': OrderedDict([('LESSOPEN', '| /usr/bin/lesspipe %s'), ('LANGUAGE', 'en_US:en'), ('USER', 'mo'), ('LC_TIME', 'lzh_TW'), ('XDG_SESSION_TYPE', 'x11'), ('SHLVL', '1'), ('LD_LIBRARY_PATH', '/home/mo/yahboom_ws/install/yahboom_rosmaster_msgs/lib:/home/mo/yahboom_ws/install/mecanum_drive_controller/lib:/opt/ros/humble/opt/rviz_ogre_vendor/lib:/opt/ros/humble/lib/x86_64-linux-gnu:/opt/ros/humble/lib'), ('HOME', '/home/mo'), ('OLDPWD', '/home/mo/yahboom_ws'), ('DESKTOP_SESSION', 'ubuntu'), ('ROS_PYTHON_VERSION', '3'), ('GNOME_SHELL_SESSION_MODE', 'ubuntu'), ('GTK_MODULES', 'gail:atk-bridge'), ('LC_MONETARY', 'lzh_TW'), ('SYSTEMD_EXEC_PID', '171333'), ('DBUS_SESSION_BUS_ADDRESS', 'unix:path=/run/user/1000/bus'), ('COLORTERM', 'truecolor'), ('COLCON_PREFIX_PATH', '/home/mo/yahboom_ws/install'), ('ROS_DISTRO', 'humble'), ('GTK_IM_MODULE', 'ibus'), ('LOGNAME', 'mo'), ('_', '/usr/bin/colcon'), ('ROS_VERSION', '2'), ('XDG_SESSION_CLASS', 'user'), ('USERNAME', 'mo'), ('TERM', 'xterm-256color'), ('GNOME_DESKTOP_SESSION_ID', 'this-is-deprecated'), ('ROS_LOCALHOST_ONLY', '0'), ('WINDOWPATH', '2'), ('PATH', '/opt/ros/humble/bin:/usr/local/sbin:/usr/local/bin:/usr/sbin:/usr/bin:/sbin:/bin:/usr/games:/usr/local/games:/snap/bin:/snap/bin'), ('SESSION_MANAGER', 'local/mo:@/tmp/.ICE-unix/1328,unix/mo:/tmp/.ICE-unix/1328'), ('PAPERSIZE', 'a4'), ('XDG_MENU_PREFIX', 'gnome-'), ('LC_ADDRESS', 'lzh_TW'), ('GNOME_TERMINAL_SCREEN', '/org/gnome/Terminal/screen/335b0423_5fc8_467e_b388_bae527e73d68'), ('XDG_RUNTIME_DIR', '/run/user/1000'), ('DISPLAY', ':0'), ('LANG', 'en_US.UTF-8'), ('XDG_CURRENT_DESKTOP', 'ubuntu:GNOME'), ('LC_TELEPHONE', 'lzh_TW'), ('XMODIFIERS', '@im=ibus'), ('XDG_SESSION_DESKTOP', 'ubuntu'), ('XAUTHORITY', '/run/user/1000/gdm/Xauthority'), ('LS_COLORS', 'rs=0:di=01;34:ln=01;36:mh=00:pi=40;33:so=01;35:do=01;35:bd=40;33;01:cd=40;33;01:or=40;31;01:mi=00:su=37;41:sg=30;43:ca=30;41:tw=30;42:ow=34;42:st=37;44:ex=01;32:*.tar=01;31:*.tgz=01;31:*.arc=01;31:*.arj=01;31:*.taz=01;31:*.lha=01;31:*.lz4=01;31:*.lzh=01;31:*.lzma=01;31:*.tlz=01;31:*.txz=01;31:*.tzo=01;31:*.t7z=01;31:*.zip=01;31:*.z=01;31:*.dz=01;31:*.gz=01;31:*.lrz=01;31:*.lz=01;31:*.lzo=01;31:*.xz=01;31:*.zst=01;31:*.tzst=01;31:*.bz2=01;31:*.bz=01;31:*.tbz=01;31:*.tbz2=01;31:*.tz=01;31:*.deb=01;31:*.rpm=01;31:*.jar=01;31:*.war=01;31:*.ear=01;31:*.sar=01;31:*.rar=01;31:*.alz=01;31:*.ace=01;31:*.zoo=01;31:*.cpio=01;31:*.7z=01;31:*.rz=01;31:*.cab=01;31:*.wim=01;31:*.swm=01;31:*.dwm=01;31:*.esd=01;31:*.jpg=01;35:*.jpeg=01;35:*.mjpg=01;35:*.mjpeg=01;35:*.gif=01;35:*.bmp=01;35:*.pbm=01;35:*.pgm=01;35:*.ppm=01;35:*.tga=01;35:*.xbm=01;35:*.xpm=01;35:*.tif=01;35:*.tiff=01;35:*.png=01;35:*.svg=01;35:*.svgz=01;35:*.mng=01;35:*.pcx=01;35:*.mov=01;35:*.mpg=01;35:*.mpeg=01;35:*.m2v=01;35:*.mkv=01;35:*.webm=01;35:*.webp=01;35:*.ogm=01;35:*.mp4=01;35:*.m4v=01;35:*.mp4v=01;35:*.vob=01;35:*.qt=01;35:*.nuv=01;35:*.wmv=01;35:*.asf=01;35:*.rm=01;35:*.rmvb=01;35:*.flc=01;35:*.avi=01;35:*.fli=01;35:*.flv=01;35:*.gl=01;35:*.dl=01;35:*.xcf=01;35:*.xwd=01;35:*.yuv=01;35:*.cgm=01;35:*.emf=01;35:*.ogv=01;35:*.ogx=01;35:*.aac=00;36:*.au=00;36:*.flac=00;36:*.m4a=00;36:*.mid=00;36:*.midi=00;36:*.mka=00;36:*.mp3=00;36:*.mpc=00;36:*.ogg=00;36:*.ra=00;36:*.wav=00;36:*.oga=00;36:*.opus=00;36:*.spx=00;36:*.xspf=00;36:'), ('GNOME_TERMINAL_SERVICE', ':1.674'), ('SSH_AGENT_LAUNCHER', 'gnome-keyring'), ('SSH_AUTH_SOCK', '/run/user/1000/keyring/ssh'), ('AMENT_PREFIX_PATH', '/home/mo/yahboom_ws/install/yahboom_rosmaster:/home/mo/yahboom_ws/install/yahboom_rosmaster_system_tests:/home/mo/yahboom_ws/install/yahboom_rosmaster_navigation:/home/mo/yahboom_ws/install/yahboom_rosmaster_msgs:/home/mo/yahboom_ws/install/yahboom_rosmaster_localization:/home/mo/yahboom_ws/install/yahboom_rosmaster_gazebo:/home/mo/yahboom_ws/install/yahboom_rosmaster_description:/home/mo/yahboom_ws/install/yahboom_rosmaster_bringup:/home/mo/yahboom_ws/install/mecanum_drive_controller:/opt/ros/humble'), ('SHELL', '/bin/bash'), ('LC_NAME', 'lzh_TW'), ('QT_ACCESSIBILITY', '1'), ('GDMSESSION', 'ubuntu'), ('LESSCLOSE', '/usr/bin/lesspipe %s %s'), ('LC_MEASUREMENT', 'lzh_TW'), ('GPG_AGENT_INFO', '/run/user/1000/gnupg/S.gpg-agent:0:1'), ('LC_IDENTIFICATION', 'lzh_TW'), ('QT_IM_MODULE', 'ibus'), ('PWD', '/home/mo/yahboom_ws/build/yahboom_rosmaster_localization'), ('XDG_CONFIG_DIRS', '/etc/xdg/xdg-ubuntu:/etc/xdg'), ('XDG_DATA_DIRS', '/usr/share/ubuntu:/usr/share/gnome:/usr/local/share/:/usr/share/:/var/lib/snapd/desktop'), ('PYTHONPATH', '/home/mo/yahboom_ws/install/yahboom_rosmaster_navigation/local/lib/python3.10/dist-packages:/home/mo/yahboom_ws/install/yahboom_rosmaster_msgs/local/lib/python3.10/dist-packages:/opt/ros/humble/lib/python3.10/site-packages:/opt/ros/humble/local/lib/python3.10/dist-packages'), ('LC_NUMERIC', 'lzh_TW'), ('LC_PAPER', 'lzh_TW'), ('COLCON', '1'), ('VTE_VERSION', '6800'), ('CMAKE_PREFIX_PATH', '/home/mo/yahboom_ws/install/yahboom_rosmaster:/home/mo/yahboom_ws/install/yahboom_rosmaster_system_tests:/home/mo/yahboom_ws/install/yahboom_rosmaster_navigation:/home/mo/yahboom_ws/install/yahboom_rosmaster_msgs:/home/mo/yahboom_ws/install/yahboom_rosmaster_localization:/home/mo/yahboom_ws/install/yahboom_rosmaster_gazebo:/home/mo/yahboom_ws/install/yahboom_rosmaster_description:/home/mo/yahboom_ws/install/yahboom_rosmaster_bringup:/home/mo/yahboom_ws/install/mecanum_drive_controller:/opt/ros/humble')]), 'shell': False}
[12.592179] (-) TimerEvent: {}
[12.610562] (yahboom_rosmaster_msgs) StdoutLine: {'line': b'-- Using all available rosidl_typesupport_c: rosidl_typesupport_fastrtps_c;rosidl_typesupport_introspection_c\n'}
[12.637961] (yahboom_rosmaster_localization) CommandEnded: {'returncode': 0}
[12.638873] (yahboom_rosmaster_localization) JobProgress: {'identifier': 'yahboom_rosmaster_localization', 'progress': 'install'}
[12.638920] (yahboom_rosmaster_localization) Command: {'cmd': ['/usr/bin/cmake', '--install', '/home/mo/yahboom_ws/build/yahboom_rosmaster_localization'], 'cwd': '/home/mo/yahboom_ws/build/yahboom_rosmaster_localization', 'env': OrderedDict([('LESSOPEN', '| /usr/bin/lesspipe %s'), ('LANGUAGE', 'en_US:en'), ('USER', 'mo'), ('LC_TIME', 'lzh_TW'), ('XDG_SESSION_TYPE', 'x11'), ('SHLVL', '1'), ('LD_LIBRARY_PATH', '/home/mo/yahboom_ws/install/yahboom_rosmaster_msgs/lib:/home/mo/yahboom_ws/install/mecanum_drive_controller/lib:/opt/ros/humble/opt/rviz_ogre_vendor/lib:/opt/ros/humble/lib/x86_64-linux-gnu:/opt/ros/humble/lib'), ('HOME', '/home/mo'), ('OLDPWD', '/home/mo/yahboom_ws'), ('DESKTOP_SESSION', 'ubuntu'), ('ROS_PYTHON_VERSION', '3'), ('GNOME_SHELL_SESSION_MODE', 'ubuntu'), ('GTK_MODULES', 'gail:atk-bridge'), ('LC_MONETARY', 'lzh_TW'), ('SYSTEMD_EXEC_PID', '171333'), ('DBUS_SESSION_BUS_ADDRESS', 'unix:path=/run/user/1000/bus'), ('COLORTERM', 'truecolor'), ('COLCON_PREFIX_PATH', '/home/mo/yahboom_ws/install'), ('ROS_DISTRO', 'humble'), ('GTK_IM_MODULE', 'ibus'), ('LOGNAME', 'mo'), ('_', '/usr/bin/colcon'), ('ROS_VERSION', '2'), ('XDG_SESSION_CLASS', 'user'), ('USERNAME', 'mo'), ('TERM', 'xterm-256color'), ('GNOME_DESKTOP_SESSION_ID', 'this-is-deprecated'), ('ROS_LOCALHOST_ONLY', '0'), ('WINDOWPATH', '2'), ('PATH', '/opt/ros/humble/bin:/usr/local/sbin:/usr/local/bin:/usr/sbin:/usr/bin:/sbin:/bin:/usr/games:/usr/local/games:/snap/bin:/snap/bin'), ('SESSION_MANAGER', 'local/mo:@/tmp/.ICE-unix/1328,unix/mo:/tmp/.ICE-unix/1328'), ('PAPERSIZE', 'a4'), ('XDG_MENU_PREFIX', 'gnome-'), ('LC_ADDRESS', 'lzh_TW'), ('GNOME_TERMINAL_SCREEN', '/org/gnome/Terminal/screen/335b0423_5fc8_467e_b388_bae527e73d68'), ('XDG_RUNTIME_DIR', '/run/user/1000'), ('DISPLAY', ':0'), ('LANG', 'en_US.UTF-8'), ('XDG_CURRENT_DESKTOP', 'ubuntu:GNOME'), ('LC_TELEPHONE', 'lzh_TW'), ('XMODIFIERS', '@im=ibus'), ('XDG_SESSION_DESKTOP', 'ubuntu'), ('XAUTHORITY', '/run/user/1000/gdm/Xauthority'), ('LS_COLORS', 'rs=0:di=01;34:ln=01;36:mh=00:pi=40;33:so=01;35:do=01;35:bd=40;33;01:cd=40;33;01:or=40;31;01:mi=00:su=37;41:sg=30;43:ca=30;41:tw=30;42:ow=34;42:st=37;44:ex=01;32:*.tar=01;31:*.tgz=01;31:*.arc=01;31:*.arj=01;31:*.taz=01;31:*.lha=01;31:*.lz4=01;31:*.lzh=01;31:*.lzma=01;31:*.tlz=01;31:*.txz=01;31:*.tzo=01;31:*.t7z=01;31:*.zip=01;31:*.z=01;31:*.dz=01;31:*.gz=01;31:*.lrz=01;31:*.lz=01;31:*.lzo=01;31:*.xz=01;31:*.zst=01;31:*.tzst=01;31:*.bz2=01;31:*.bz=01;31:*.tbz=01;31:*.tbz2=01;31:*.tz=01;31:*.deb=01;31:*.rpm=01;31:*.jar=01;31:*.war=01;31:*.ear=01;31:*.sar=01;31:*.rar=01;31:*.alz=01;31:*.ace=01;31:*.zoo=01;31:*.cpio=01;31:*.7z=01;31:*.rz=01;31:*.cab=01;31:*.wim=01;31:*.swm=01;31:*.dwm=01;31:*.esd=01;31:*.jpg=01;35:*.jpeg=01;35:*.mjpg=01;35:*.mjpeg=01;35:*.gif=01;35:*.bmp=01;35:*.pbm=01;35:*.pgm=01;35:*.ppm=01;35:*.tga=01;35:*.xbm=01;35:*.xpm=01;35:*.tif=01;35:*.tiff=01;35:*.png=01;35:*.svg=01;35:*.svgz=01;35:*.mng=01;35:*.pcx=01;35:*.mov=01;35:*.mpg=01;35:*.mpeg=01;35:*.m2v=01;35:*.mkv=01;35:*.webm=01;35:*.webp=01;35:*.ogm=01;35:*.mp4=01;35:*.m4v=01;35:*.mp4v=01;35:*.vob=01;35:*.qt=01;35:*.nuv=01;35:*.wmv=01;35:*.asf=01;35:*.rm=01;35:*.rmvb=01;35:*.flc=01;35:*.avi=01;35:*.fli=01;35:*.flv=01;35:*.gl=01;35:*.dl=01;35:*.xcf=01;35:*.xwd=01;35:*.yuv=01;35:*.cgm=01;35:*.emf=01;35:*.ogv=01;35:*.ogx=01;35:*.aac=00;36:*.au=00;36:*.flac=00;36:*.m4a=00;36:*.mid=00;36:*.midi=00;36:*.mka=00;36:*.mp3=00;36:*.mpc=00;36:*.ogg=00;36:*.ra=00;36:*.wav=00;36:*.oga=00;36:*.opus=00;36:*.spx=00;36:*.xspf=00;36:'), ('GNOME_TERMINAL_SERVICE', ':1.674'), ('SSH_AGENT_LAUNCHER', 'gnome-keyring'), ('SSH_AUTH_SOCK', '/run/user/1000/keyring/ssh'), ('AMENT_PREFIX_PATH', '/home/mo/yahboom_ws/install/yahboom_rosmaster:/home/mo/yahboom_ws/install/yahboom_rosmaster_system_tests:/home/mo/yahboom_ws/install/yahboom_rosmaster_navigation:/home/mo/yahboom_ws/install/yahboom_rosmaster_msgs:/home/mo/yahboom_ws/install/yahboom_rosmaster_localization:/home/mo/yahboom_ws/install/yahboom_rosmaster_gazebo:/home/mo/yahboom_ws/install/yahboom_rosmaster_description:/home/mo/yahboom_ws/install/yahboom_rosmaster_bringup:/home/mo/yahboom_ws/install/mecanum_drive_controller:/opt/ros/humble'), ('SHELL', '/bin/bash'), ('LC_NAME', 'lzh_TW'), ('QT_ACCESSIBILITY', '1'), ('GDMSESSION', 'ubuntu'), ('LESSCLOSE', '/usr/bin/lesspipe %s %s'), ('LC_MEASUREMENT', 'lzh_TW'), ('GPG_AGENT_INFO', '/run/user/1000/gnupg/S.gpg-agent:0:1'), ('LC_IDENTIFICATION', 'lzh_TW'), ('QT_IM_MODULE', 'ibus'), ('PWD', '/home/mo/yahboom_ws/build/yahboom_rosmaster_localization'), ('XDG_CONFIG_DIRS', '/etc/xdg/xdg-ubuntu:/etc/xdg'), ('XDG_DATA_DIRS', '/usr/share/ubuntu:/usr/share/gnome:/usr/local/share/:/usr/share/:/var/lib/snapd/desktop'), ('PYTHONPATH', '/home/mo/yahboom_ws/install/yahboom_rosmaster_navigation/local/lib/python3.10/dist-packages:/home/mo/yahboom_ws/install/yahboom_rosmaster_msgs/local/lib/python3.10/dist-packages:/opt/ros/humble/lib/python3.10/site-packages:/opt/ros/humble/local/lib/python3.10/dist-packages'), ('LC_NUMERIC', 'lzh_TW'), ('LC_PAPER', 'lzh_TW'), ('COLCON', '1'), ('VTE_VERSION', '6800'), ('CMAKE_PREFIX_PATH', '/home/mo/yahboom_ws/install/yahboom_rosmaster:/home/mo/yahboom_ws/install/yahboom_rosmaster_system_tests:/home/mo/yahboom_ws/install/yahboom_rosmaster_navigation:/home/mo/yahboom_ws/install/yahboom_rosmaster_msgs:/home/mo/yahboom_ws/install/yahboom_rosmaster_localization:/home/mo/yahboom_ws/install/yahboom_rosmaster_gazebo:/home/mo/yahboom_ws/install/yahboom_rosmaster_description:/home/mo/yahboom_ws/install/yahboom_rosmaster_bringup:/home/mo/yahboom_ws/install/mecanum_drive_controller:/opt/ros/humble')]), 'shell': False}
[12.651225] (yahboom_rosmaster_localization) StdoutLine: {'line': b'-- Install configuration: ""\n'}
[12.651389] (yahboom_rosmaster_localization) StdoutLine: {'line': b'-- Installing: /home/mo/yahboom_ws/install/yahboom_rosmaster_localization/share/yahboom_rosmaster_localization/config\n'}
[12.651469] (yahboom_rosmaster_localization) StdoutLine: {'line': b'-- Installing: /home/mo/yahboom_ws/install/yahboom_rosmaster_localization/share/yahboom_rosmaster_localization/config/ekf.yaml\n'}
[12.651533] (yahboom_rosmaster_localization) StdoutLine: {'line': b'-- Installing: /home/mo/yahboom_ws/install/yahboom_rosmaster_localization/share/yahboom_rosmaster_localization/launch\n'}
[12.651652] (yahboom_rosmaster_localization) StdoutLine: {'line': b'-- Installing: /home/mo/yahboom_ws/install/yahboom_rosmaster_localization/share/yahboom_rosmaster_localization/launch/ekf_gazebo.launch.py\n'}
[12.660052] (yahboom_rosmaster_localization) StdoutLine: {'line': b'-- Installing: /home/mo/yahboom_ws/install/yahboom_rosmaster_localization/share/ament_index/resource_index/package_run_dependencies/yahboom_rosmaster_localization\n'}
[12.660298] (yahboom_rosmaster_localization) StdoutLine: {'line': b'-- Installing: /home/mo/yahboom_ws/install/yahboom_rosmaster_localization/share/ament_index/resource_index/parent_prefix_path/yahboom_rosmaster_localization\n'}
[12.660496] (yahboom_rosmaster_localization) StdoutLine: {'line': b'-- Installing: /home/mo/yahboom_ws/install/yahboom_rosmaster_localization/share/yahboom_rosmaster_localization/environment/ament_prefix_path.sh\n'}
[12.660810] (yahboom_rosmaster_localization) StdoutLine: {'line': b'-- Installing: /home/mo/yahboom_ws/install/yahboom_rosmaster_localization/share/yahboom_rosmaster_localization/environment/ament_prefix_path.dsv\n'}
[12.661420] (yahboom_rosmaster_localization) StdoutLine: {'line': b'-- Installing: /home/mo/yahboom_ws/install/yahboom_rosmaster_localization/share/yahboom_rosmaster_localization/environment/path.sh\n'}
[12.661739] (yahboom_rosmaster_localization) StdoutLine: {'line': b'-- Installing: /home/mo/yahboom_ws/install/yahboom_rosmaster_localization/share/yahboom_rosmaster_localization/environment/path.dsv\n'}
[12.661841] (yahboom_rosmaster_localization) StdoutLine: {'line': b'-- Installing: /home/mo/yahboom_ws/install/yahboom_rosmaster_localization/share/yahboom_rosmaster_localization/local_setup.bash\n'}
[12.662295] (yahboom_rosmaster_localization) StdoutLine: {'line': b'-- Installing: /home/mo/yahboom_ws/install/yahboom_rosmaster_localization/share/yahboom_rosmaster_localization/local_setup.sh\n'}
[12.662517] (yahboom_rosmaster_localization) StdoutLine: {'line': b'-- Installing: /home/mo/yahboom_ws/install/yahboom_rosmaster_localization/share/yahboom_rosmaster_localization/local_setup.zsh\n'}
[12.662760] (yahboom_rosmaster_localization) StdoutLine: {'line': b'-- Installing: /home/mo/yahboom_ws/install/yahboom_rosmaster_localization/share/yahboom_rosmaster_localization/local_setup.dsv\n'}
[12.662944] (yahboom_rosmaster_localization) StdoutLine: {'line': b'-- Installing: /home/mo/yahboom_ws/install/yahboom_rosmaster_localization/share/yahboom_rosmaster_localization/package.dsv\n'}
[12.663200] (yahboom_rosmaster_localization) StdoutLine: {'line': b'-- Installing: /home/mo/yahboom_ws/install/yahboom_rosmaster_localization/share/ament_index/resource_index/packages/yahboom_rosmaster_localization\n'}
[12.663474] (yahboom_rosmaster_localization) StdoutLine: {'line': b'-- Installing: /home/mo/yahboom_ws/install/yahboom_rosmaster_localization/share/yahboom_rosmaster_localization/cmake/yahboom_rosmaster_localizationConfig.cmake\n'}
[12.663551] (yahboom_rosmaster_localization) StdoutLine: {'line': b'-- Installing: /home/mo/yahboom_ws/install/yahboom_rosmaster_localization/share/yahboom_rosmaster_localization/cmake/yahboom_rosmaster_localizationConfig-version.cmake\n'}
[12.664049] (yahboom_rosmaster_localization) StdoutLine: {'line': b'-- Installing: /home/mo/yahboom_ws/install/yahboom_rosmaster_localization/share/yahboom_rosmaster_localization/package.xml\n'}
[12.668009] (yahboom_rosmaster_localization) CommandEnded: {'returncode': 0}
[12.695034] (-) TimerEvent: {}
[12.704335] (yahboom_rosmaster_localization) JobEnded: {'identifier': 'yahboom_rosmaster_localization', 'rc': 0}
[12.705358] (yahboom_rosmaster_navigation) JobStarted: {'identifier': 'yahboom_rosmaster_navigation'}
[12.721859] (yahboom_rosmaster_navigation) JobProgress: {'identifier': 'yahboom_rosmaster_navigation', 'progress': 'cmake'}
[12.722843] (yahboom_rosmaster_navigation) Command: {'cmd': ['/usr/bin/cmake', '/home/mo/yahboom_ws/src/yahboom_rosmaster/yahboom_rosmaster_navigation', '-DCMAKE_INSTALL_PREFIX=/home/mo/yahboom_ws/install/yahboom_rosmaster_navigation'], 'cwd': '/home/mo/yahboom_ws/build/yahboom_rosmaster_navigation', 'env': OrderedDict([('LESSOPEN', '| /usr/bin/lesspipe %s'), ('LANGUAGE', 'en_US:en'), ('USER', 'mo'), ('LC_TIME', 'lzh_TW'), ('XDG_SESSION_TYPE', 'x11'), ('SHLVL', '1'), ('LD_LIBRARY_PATH', '/home/mo/yahboom_ws/install/yahboom_rosmaster_msgs/lib:/home/mo/yahboom_ws/install/mecanum_drive_controller/lib:/opt/ros/humble/opt/rviz_ogre_vendor/lib:/opt/ros/humble/lib/x86_64-linux-gnu:/opt/ros/humble/lib'), ('HOME', '/home/mo'), ('OLDPWD', '/home/mo/yahboom_ws'), ('DESKTOP_SESSION', 'ubuntu'), ('ROS_PYTHON_VERSION', '3'), ('GNOME_SHELL_SESSION_MODE', 'ubuntu'), ('GTK_MODULES', 'gail:atk-bridge'), ('LC_MONETARY', 'lzh_TW'), ('SYSTEMD_EXEC_PID', '171333'), ('DBUS_SESSION_BUS_ADDRESS', 'unix:path=/run/user/1000/bus'), ('COLORTERM', 'truecolor'), ('COLCON_PREFIX_PATH', '/home/mo/yahboom_ws/install'), ('ROS_DISTRO', 'humble'), ('GTK_IM_MODULE', 'ibus'), ('LOGNAME', 'mo'), ('_', '/usr/bin/colcon'), ('ROS_VERSION', '2'), ('XDG_SESSION_CLASS', 'user'), ('USERNAME', 'mo'), ('TERM', 'xterm-256color'), ('GNOME_DESKTOP_SESSION_ID', 'this-is-deprecated'), ('ROS_LOCALHOST_ONLY', '0'), ('WINDOWPATH', '2'), ('PATH', '/opt/ros/humble/bin:/usr/local/sbin:/usr/local/bin:/usr/sbin:/usr/bin:/sbin:/bin:/usr/games:/usr/local/games:/snap/bin:/snap/bin'), ('SESSION_MANAGER', 'local/mo:@/tmp/.ICE-unix/1328,unix/mo:/tmp/.ICE-unix/1328'), ('PAPERSIZE', 'a4'), ('XDG_MENU_PREFIX', 'gnome-'), ('LC_ADDRESS', 'lzh_TW'), ('GNOME_TERMINAL_SCREEN', '/org/gnome/Terminal/screen/335b0423_5fc8_467e_b388_bae527e73d68'), ('XDG_RUNTIME_DIR', '/run/user/1000'), ('DISPLAY', ':0'), ('LANG', 'en_US.UTF-8'), ('XDG_CURRENT_DESKTOP', 'ubuntu:GNOME'), ('LC_TELEPHONE', 'lzh_TW'), ('XMODIFIERS', '@im=ibus'), ('XDG_SESSION_DESKTOP', 'ubuntu'), ('XAUTHORITY', '/run/user/1000/gdm/Xauthority'), ('LS_COLORS', 'rs=0:di=01;34:ln=01;36:mh=00:pi=40;33:so=01;35:do=01;35:bd=40;33;01:cd=40;33;01:or=40;31;01:mi=00:su=37;41:sg=30;43:ca=30;41:tw=30;42:ow=34;42:st=37;44:ex=01;32:*.tar=01;31:*.tgz=01;31:*.arc=01;31:*.arj=01;31:*.taz=01;31:*.lha=01;31:*.lz4=01;31:*.lzh=01;31:*.lzma=01;31:*.tlz=01;31:*.txz=01;31:*.tzo=01;31:*.t7z=01;31:*.zip=01;31:*.z=01;31:*.dz=01;31:*.gz=01;31:*.lrz=01;31:*.lz=01;31:*.lzo=01;31:*.xz=01;31:*.zst=01;31:*.tzst=01;31:*.bz2=01;31:*.bz=01;31:*.tbz=01;31:*.tbz2=01;31:*.tz=01;31:*.deb=01;31:*.rpm=01;31:*.jar=01;31:*.war=01;31:*.ear=01;31:*.sar=01;31:*.rar=01;31:*.alz=01;31:*.ace=01;31:*.zoo=01;31:*.cpio=01;31:*.7z=01;31:*.rz=01;31:*.cab=01;31:*.wim=01;31:*.swm=01;31:*.dwm=01;31:*.esd=01;31:*.jpg=01;35:*.jpeg=01;35:*.mjpg=01;35:*.mjpeg=01;35:*.gif=01;35:*.bmp=01;35:*.pbm=01;35:*.pgm=01;35:*.ppm=01;35:*.tga=01;35:*.xbm=01;35:*.xpm=01;35:*.tif=01;35:*.tiff=01;35:*.png=01;35:*.svg=01;35:*.svgz=01;35:*.mng=01;35:*.pcx=01;35:*.mov=01;35:*.mpg=01;35:*.mpeg=01;35:*.m2v=01;35:*.mkv=01;35:*.webm=01;35:*.webp=01;35:*.ogm=01;35:*.mp4=01;35:*.m4v=01;35:*.mp4v=01;35:*.vob=01;35:*.qt=01;35:*.nuv=01;35:*.wmv=01;35:*.asf=01;35:*.rm=01;35:*.rmvb=01;35:*.flc=01;35:*.avi=01;35:*.fli=01;35:*.flv=01;35:*.gl=01;35:*.dl=01;35:*.xcf=01;35:*.xwd=01;35:*.yuv=01;35:*.cgm=01;35:*.emf=01;35:*.ogv=01;35:*.ogx=01;35:*.aac=00;36:*.au=00;36:*.flac=00;36:*.m4a=00;36:*.mid=00;36:*.midi=00;36:*.mka=00;36:*.mp3=00;36:*.mpc=00;36:*.ogg=00;36:*.ra=00;36:*.wav=00;36:*.oga=00;36:*.opus=00;36:*.spx=00;36:*.xspf=00;36:'), ('GNOME_TERMINAL_SERVICE', ':1.674'), ('SSH_AGENT_LAUNCHER', 'gnome-keyring'), ('SSH_AUTH_SOCK', '/run/user/1000/keyring/ssh'), ('AMENT_PREFIX_PATH', '/home/mo/yahboom_ws/install/yahboom_rosmaster:/home/mo/yahboom_ws/install/yahboom_rosmaster_system_tests:/home/mo/yahboom_ws/install/yahboom_rosmaster_navigation:/home/mo/yahboom_ws/install/yahboom_rosmaster_msgs:/home/mo/yahboom_ws/install/yahboom_rosmaster_localization:/home/mo/yahboom_ws/install/yahboom_rosmaster_gazebo:/home/mo/yahboom_ws/install/yahboom_rosmaster_description:/home/mo/yahboom_ws/install/yahboom_rosmaster_bringup:/home/mo/yahboom_ws/install/mecanum_drive_controller:/opt/ros/humble'), ('SHELL', '/bin/bash'), ('LC_NAME', 'lzh_TW'), ('QT_ACCESSIBILITY', '1'), ('GDMSESSION', 'ubuntu'), ('LESSCLOSE', '/usr/bin/lesspipe %s %s'), ('LC_MEASUREMENT', 'lzh_TW'), ('GPG_AGENT_INFO', '/run/user/1000/gnupg/S.gpg-agent:0:1'), ('LC_IDENTIFICATION', 'lzh_TW'), ('QT_IM_MODULE', 'ibus'), ('PWD', '/home/mo/yahboom_ws/build/yahboom_rosmaster_navigation'), ('XDG_CONFIG_DIRS', '/etc/xdg/xdg-ubuntu:/etc/xdg'), ('XDG_DATA_DIRS', '/usr/share/ubuntu:/usr/share/gnome:/usr/local/share/:/usr/share/:/var/lib/snapd/desktop'), ('PYTHONPATH', '/home/mo/yahboom_ws/install/yahboom_rosmaster_navigation/local/lib/python3.10/dist-packages:/home/mo/yahboom_ws/install/yahboom_rosmaster_msgs/local/lib/python3.10/dist-packages:/opt/ros/humble/lib/python3.10/site-packages:/opt/ros/humble/local/lib/python3.10/dist-packages'), ('LC_NUMERIC', 'lzh_TW'), ('LC_PAPER', 'lzh_TW'), ('COLCON', '1'), ('VTE_VERSION', '6800'), ('CMAKE_PREFIX_PATH', '/home/mo/yahboom_ws/install/yahboom_rosmaster:/home/mo/yahboom_ws/install/yahboom_rosmaster_system_tests:/home/mo/yahboom_ws/install/yahboom_rosmaster_navigation:/home/mo/yahboom_ws/install/yahboom_rosmaster_msgs:/home/mo/yahboom_ws/install/yahboom_rosmaster_localization:/home/mo/yahboom_ws/install/yahboom_rosmaster_gazebo:/home/mo/yahboom_ws/install/yahboom_rosmaster_description:/home/mo/yahboom_ws/install/yahboom_rosmaster_bringup:/home/mo/yahboom_ws/install/mecanum_drive_controller:/opt/ros/humble')]), 'shell': False}
[12.795135] (-) TimerEvent: {}
[12.816000] (yahboom_rosmaster_navigation) StdoutLine: {'line': b'-- The C compiler identification is GNU 11.4.0\n'}
[12.896698] (-) TimerEvent: {}
[12.925154] (yahboom_rosmaster_navigation) StdoutLine: {'line': b'-- The CXX compiler identification is GNU 11.4.0\n'}
[12.937357] (yahboom_rosmaster_navigation) StdoutLine: {'line': b'-- Detecting C compiler ABI info\n'}
[12.995955] (-) TimerEvent: {}
[13.061625] (yahboom_rosmaster_navigation) StdoutLine: {'line': b'-- Detecting C compiler ABI info - done\n'}
[13.091496] (yahboom_rosmaster_navigation) StdoutLine: {'line': b'-- Check for working C compiler: /usr/bin/cc - skipped\n'}
[13.093479] (yahboom_rosmaster_navigation) StdoutLine: {'line': b'-- Detecting C compile features\n'}
[13.093840] (yahboom_rosmaster_navigation) StdoutLine: {'line': b'-- Detecting C compile features - done\n'}
[13.096228] (-) TimerEvent: {}
[13.101946] (yahboom_rosmaster_navigation) StdoutLine: {'line': b'-- Detecting CXX compiler ABI info\n'}
[13.196325] (-) TimerEvent: {}
[13.228349] (yahboom_rosmaster_navigation) StdoutLine: {'line': b'-- Detecting CXX compiler ABI info - done\n'}
[13.238757] (yahboom_rosmaster_navigation) StdoutLine: {'line': b'-- Check for working CXX compiler: /usr/bin/c++ - skipped\n'}
[13.239439] (yahboom_rosmaster_navigation) StdoutLine: {'line': b'-- Detecting CXX compile features\n'}
[13.240299] (yahboom_rosmaster_navigation) StdoutLine: {'line': b'-- Detecting CXX compile features - done\n'}
[13.244261] (yahboom_rosmaster_navigation) StdoutLine: {'line': b'-- Found ament_cmake: 1.3.13 (/opt/ros/humble/share/ament_cmake/cmake)\n'}
[13.297855] (-) TimerEvent: {}
[13.326745] (yahboom_rosmaster_msgs) StdoutLine: {'line': b'-- Using all available rosidl_typesupport_cpp: rosidl_typesupport_fastrtps_cpp;rosidl_typesupport_introspection_cpp\n'}
[13.397950] (-) TimerEvent: {}
[13.399225] (yahboom_rosmaster_msgs) StdoutLine: {'line': b'-- Found PythonInterp: /usr/bin/python3 (found suitable version "3.10.12", minimum required is "3.6") \n'}
[13.473811] (yahboom_rosmaster_navigation) StdoutLine: {'line': b'-- Found Python3: /usr/bin/python3 (found version "3.10.12") found components: Interpreter \n'}
[13.496022] (yahboom_rosmaster_msgs) StdoutLine: {'line': b'-- Found python_cmake_module: 0.10.0 (/opt/ros/humble/share/python_cmake_module/cmake)\n'}
[13.498039] (-) TimerEvent: {}
[13.508350] (yahboom_rosmaster_docking) StdoutLine: {'line': b'-- Found OpenSSL: /usr/lib/x86_64-linux-gnu/libcrypto.so (found version "3.0.2")  \n'}
[13.602611] (-) TimerEvent: {}
[13.609051] (yahboom_rosmaster_navigation) StdoutLine: {'line': b'-- Found geometry_msgs: 4.9.1 (/opt/ros/humble/share/geometry_msgs/cmake)\n'}
[13.625019] (yahboom_rosmaster_docking) StdoutLine: {'line': b'-- Found FastRTPS: /opt/ros/humble/include  \n'}
[13.670810] (yahboom_rosmaster_navigation) StdoutLine: {'line': b'-- Found rosidl_generator_c: 3.1.8 (/opt/ros/humble/share/rosidl_generator_c/cmake)\n'}
[13.678594] (yahboom_rosmaster_navigation) StdoutLine: {'line': b'-- Found rosidl_adapter: 3.1.8 (/opt/ros/humble/share/rosidl_adapter/cmake)\n'}
[13.691053] (yahboom_rosmaster_navigation) StdoutLine: {'line': b'-- Found rosidl_generator_cpp: 3.1.8 (/opt/ros/humble/share/rosidl_generator_cpp/cmake)\n'}
[13.703029] (-) TimerEvent: {}
[13.709574] (yahboom_rosmaster_navigation) StdoutLine: {'line': b'-- Using all available rosidl_typesupport_c: rosidl_typesupport_fastrtps_c;rosidl_typesupport_introspection_c\n'}
[13.731547] (yahboom_rosmaster_msgs) StdoutLine: {'line': b'-- Found PythonLibs: /usr/lib/x86_64-linux-gnu/libpython3.10.so (found suitable version "3.10.12", minimum required is "3.5") \n'}
[13.731725] (yahboom_rosmaster_msgs) StdoutLine: {'line': b'-- Using PYTHON_EXECUTABLE: /usr/bin/python3\n'}
[13.731808] (yahboom_rosmaster_msgs) StdoutLine: {'line': b'-- Using PYTHON_INCLUDE_DIRS: /usr/include/python3.10\n'}
[13.731873] (yahboom_rosmaster_msgs) StdoutLine: {'line': b'-- Using PYTHON_LIBRARIES: /usr/lib/x86_64-linux-gnu/libpython3.10.so\n'}
[13.733462] (yahboom_rosmaster_docking) StdoutLine: {'line': b"-- Using RMW implementation 'rmw_fastrtps_cpp' as default\n"}
[13.738866] (yahboom_rosmaster_navigation) StdoutLine: {'line': b'-- Using all available rosidl_typesupport_cpp: rosidl_typesupport_fastrtps_cpp;rosidl_typesupport_introspection_cpp\n'}
[13.781203] (yahboom_rosmaster_msgs) StdoutLine: {'line': b'-- Found PythonExtra: .so  \n'}
[13.803396] (-) TimerEvent: {}
[13.870209] (yahboom_rosmaster_gazebo) StdoutLine: {'line': b'-- Found rmw_implementation_cmake: 6.1.2 (/opt/ros/humble/share/rmw_implementation_cmake/cmake)\n'}
[13.874352] (yahboom_rosmaster_gazebo) StdoutLine: {'line': b'-- Found rmw_fastrtps_cpp: 6.2.10 (/opt/ros/humble/share/rmw_fastrtps_cpp/cmake)\n'}
[13.890610] (yahboom_rosmaster_navigation) StdoutLine: {'line': b'-- Found navigation2: 1.1.20 (/opt/ros/humble/share/navigation2/cmake)\n'}
[13.903482] (-) TimerEvent: {}
[13.911794] (yahboom_rosmaster_gazebo) StdoutLine: {'line': b'-- Found TinyXML2 via Config file: TinyXML2_DIR-NOTFOUND\n'}
[13.974665] (yahboom_rosmaster_navigation) StdoutLine: {'line': b'-- Found nav2_bringup: 1.1.20 (/opt/ros/humble/share/nav2_bringup/cmake)\n'}
[13.983962] (yahboom_rosmaster_navigation) StdoutLine: {'line': b'-- Found rclcpp: 16.0.18 (/opt/ros/humble/share/rclcpp/cmake)\n'}
[14.003720] (-) TimerEvent: {}
[14.007487] (yahboom_rosmaster_gazebo) StdoutLine: {'line': b'-- Found OpenSSL: /usr/lib/x86_64-linux-gnu/libcrypto.so (found version "3.0.2")  \n'}
[14.010977] (yahboom_rosmaster_gazebo) StdoutLine: {'line': b'-- Found TinyXML2 via Config file: TinyXML2_DIR-NOTFOUND\n'}
[14.036218] (yahboom_rosmaster_gazebo) StdoutLine: {'line': b'-- Found FastRTPS: /opt/ros/humble/include  \n'}
[14.041882] (yahboom_rosmaster_gazebo) StdoutLine: {'line': b'-- Found TinyXML2 via Config file: TinyXML2_DIR-NOTFOUND\n'}
[14.054975] (yahboom_rosmaster_gazebo) StdoutLine: {'line': b'-- Found TinyXML2 via Config file: TinyXML2_DIR-NOTFOUND\n'}
[14.059671] (yahboom_rosmaster_navigation) StdoutLine: {'line': b'-- Found rmw_implementation_cmake: 6.1.2 (/opt/ros/humble/share/rmw_implementation_cmake/cmake)\n'}
[14.062257] (yahboom_rosmaster_navigation) StdoutLine: {'line': b'-- Found rmw_fastrtps_cpp: 6.2.10 (/opt/ros/humble/share/rmw_fastrtps_cpp/cmake)\n'}
[14.070814] (yahboom_rosmaster_msgs) StdoutLine: {'line': b'-- Found ament_lint_auto: 0.12.15 (/opt/ros/humble/share/ament_lint_auto/cmake)\n'}
[14.079336] (yahboom_rosmaster_gazebo) StdoutLine: {'line': b"-- Using RMW implementation 'rmw_fastrtps_cpp' as default\n"}
[14.104010] (-) TimerEvent: {}
[14.109679] (yahboom_rosmaster_gazebo) StdoutLine: {'line': b'-- Looking for pthread.h\n'}
[14.109906] (yahboom_rosmaster_docking) StdoutLine: {'line': b'-- Looking for pthread.h\n'}
[14.205390] (-) TimerEvent: {}
[14.219980] (yahboom_rosmaster_navigation) StdoutLine: {'line': b'-- Found OpenSSL: /usr/lib/x86_64-linux-gnu/libcrypto.so (found version "3.0.2")  \n'}
[14.278563] (yahboom_rosmaster_navigation) StdoutLine: {'line': b'-- Found FastRTPS: /opt/ros/humble/include  \n'}
[14.305648] (-) TimerEvent: {}
[14.345111] (yahboom_rosmaster_navigation) StdoutLine: {'line': b"-- Using RMW implementation 'rmw_fastrtps_cpp' as default\n"}
[14.357042] (yahboom_rosmaster_navigation) StdoutLine: {'line': b'-- Looking for pthread.h\n'}
[14.372787] (yahboom_rosmaster_msgs) StdoutLine: {'line': b"-- Added test 'lint_cmake' to check CMake code style\n"}
[14.375971] (yahboom_rosmaster_msgs) StdoutLine: {'line': b"-- Added test 'xmllint' to check XML markup files\n"}
[14.390409] (yahboom_rosmaster_msgs) StdoutLine: {'line': b'-- Configuring done\n'}
[14.405814] (-) TimerEvent: {}
[14.448252] (yahboom_rosmaster_msgs) StdoutLine: {'line': b'-- Generating done\n'}
[14.475653] (yahboom_rosmaster_msgs) StdoutLine: {'line': b'-- Build files have been written to: /home/mo/yahboom_ws/build/yahboom_rosmaster_msgs\n'}
[14.487013] (yahboom_rosmaster_msgs) CommandEnded: {'returncode': 0}
[14.488065] (yahboom_rosmaster_msgs) JobProgress: {'identifier': 'yahboom_rosmaster_msgs', 'progress': 'build'}
[14.488126] (yahboom_rosmaster_msgs) Command: {'cmd': ['/usr/bin/cmake', '--build', '/home/mo/yahboom_ws/build/yahboom_rosmaster_msgs', '--', '-j4', '-l4'], 'cwd': '/home/mo/yahboom_ws/build/yahboom_rosmaster_msgs', 'env': OrderedDict([('LESSOPEN', '| /usr/bin/lesspipe %s'), ('LANGUAGE', 'en_US:en'), ('USER', 'mo'), ('LC_TIME', 'lzh_TW'), ('XDG_SESSION_TYPE', 'x11'), ('SHLVL', '1'), ('LD_LIBRARY_PATH', '/home/mo/yahboom_ws/install/yahboom_rosmaster_msgs/lib:/home/mo/yahboom_ws/install/mecanum_drive_controller/lib:/opt/ros/humble/opt/rviz_ogre_vendor/lib:/opt/ros/humble/lib/x86_64-linux-gnu:/opt/ros/humble/lib'), ('HOME', '/home/mo'), ('OLDPWD', '/home/mo/yahboom_ws'), ('DESKTOP_SESSION', 'ubuntu'), ('ROS_PYTHON_VERSION', '3'), ('GNOME_SHELL_SESSION_MODE', 'ubuntu'), ('GTK_MODULES', 'gail:atk-bridge'), ('LC_MONETARY', 'lzh_TW'), ('SYSTEMD_EXEC_PID', '171333'), ('DBUS_SESSION_BUS_ADDRESS', 'unix:path=/run/user/1000/bus'), ('COLORTERM', 'truecolor'), ('COLCON_PREFIX_PATH', '/home/mo/yahboom_ws/install'), ('ROS_DISTRO', 'humble'), ('GTK_IM_MODULE', 'ibus'), ('LOGNAME', 'mo'), ('_', '/usr/bin/colcon'), ('ROS_VERSION', '2'), ('XDG_SESSION_CLASS', 'user'), ('USERNAME', 'mo'), ('TERM', 'xterm-256color'), ('GNOME_DESKTOP_SESSION_ID', 'this-is-deprecated'), ('ROS_LOCALHOST_ONLY', '0'), ('WINDOWPATH', '2'), ('PATH', '/opt/ros/humble/bin:/usr/local/sbin:/usr/local/bin:/usr/sbin:/usr/bin:/sbin:/bin:/usr/games:/usr/local/games:/snap/bin:/snap/bin'), ('SESSION_MANAGER', 'local/mo:@/tmp/.ICE-unix/1328,unix/mo:/tmp/.ICE-unix/1328'), ('PAPERSIZE', 'a4'), ('XDG_MENU_PREFIX', 'gnome-'), ('LC_ADDRESS', 'lzh_TW'), ('GNOME_TERMINAL_SCREEN', '/org/gnome/Terminal/screen/335b0423_5fc8_467e_b388_bae527e73d68'), ('XDG_RUNTIME_DIR', '/run/user/1000'), ('DISPLAY', ':0'), ('LANG', 'en_US.UTF-8'), ('XDG_CURRENT_DESKTOP', 'ubuntu:GNOME'), ('LC_TELEPHONE', 'lzh_TW'), ('XMODIFIERS', '@im=ibus'), ('XDG_SESSION_DESKTOP', 'ubuntu'), ('XAUTHORITY', '/run/user/1000/gdm/Xauthority'), ('LS_COLORS', 'rs=0:di=01;34:ln=01;36:mh=00:pi=40;33:so=01;35:do=01;35:bd=40;33;01:cd=40;33;01:or=40;31;01:mi=00:su=37;41:sg=30;43:ca=30;41:tw=30;42:ow=34;42:st=37;44:ex=01;32:*.tar=01;31:*.tgz=01;31:*.arc=01;31:*.arj=01;31:*.taz=01;31:*.lha=01;31:*.lz4=01;31:*.lzh=01;31:*.lzma=01;31:*.tlz=01;31:*.txz=01;31:*.tzo=01;31:*.t7z=01;31:*.zip=01;31:*.z=01;31:*.dz=01;31:*.gz=01;31:*.lrz=01;31:*.lz=01;31:*.lzo=01;31:*.xz=01;31:*.zst=01;31:*.tzst=01;31:*.bz2=01;31:*.bz=01;31:*.tbz=01;31:*.tbz2=01;31:*.tz=01;31:*.deb=01;31:*.rpm=01;31:*.jar=01;31:*.war=01;31:*.ear=01;31:*.sar=01;31:*.rar=01;31:*.alz=01;31:*.ace=01;31:*.zoo=01;31:*.cpio=01;31:*.7z=01;31:*.rz=01;31:*.cab=01;31:*.wim=01;31:*.swm=01;31:*.dwm=01;31:*.esd=01;31:*.jpg=01;35:*.jpeg=01;35:*.mjpg=01;35:*.mjpeg=01;35:*.gif=01;35:*.bmp=01;35:*.pbm=01;35:*.pgm=01;35:*.ppm=01;35:*.tga=01;35:*.xbm=01;35:*.xpm=01;35:*.tif=01;35:*.tiff=01;35:*.png=01;35:*.svg=01;35:*.svgz=01;35:*.mng=01;35:*.pcx=01;35:*.mov=01;35:*.mpg=01;35:*.mpeg=01;35:*.m2v=01;35:*.mkv=01;35:*.webm=01;35:*.webp=01;35:*.ogm=01;35:*.mp4=01;35:*.m4v=01;35:*.mp4v=01;35:*.vob=01;35:*.qt=01;35:*.nuv=01;35:*.wmv=01;35:*.asf=01;35:*.rm=01;35:*.rmvb=01;35:*.flc=01;35:*.avi=01;35:*.fli=01;35:*.flv=01;35:*.gl=01;35:*.dl=01;35:*.xcf=01;35:*.xwd=01;35:*.yuv=01;35:*.cgm=01;35:*.emf=01;35:*.ogv=01;35:*.ogx=01;35:*.aac=00;36:*.au=00;36:*.flac=00;36:*.m4a=00;36:*.mid=00;36:*.midi=00;36:*.mka=00;36:*.mp3=00;36:*.mpc=00;36:*.ogg=00;36:*.ra=00;36:*.wav=00;36:*.oga=00;36:*.opus=00;36:*.spx=00;36:*.xspf=00;36:'), ('GNOME_TERMINAL_SERVICE', ':1.674'), ('SSH_AGENT_LAUNCHER', 'gnome-keyring'), ('SSH_AUTH_SOCK', '/run/user/1000/keyring/ssh'), ('AMENT_PREFIX_PATH', '/home/mo/yahboom_ws/install/yahboom_rosmaster:/home/mo/yahboom_ws/install/yahboom_rosmaster_system_tests:/home/mo/yahboom_ws/install/yahboom_rosmaster_navigation:/home/mo/yahboom_ws/install/yahboom_rosmaster_msgs:/home/mo/yahboom_ws/install/yahboom_rosmaster_localization:/home/mo/yahboom_ws/install/yahboom_rosmaster_gazebo:/home/mo/yahboom_ws/install/yahboom_rosmaster_description:/home/mo/yahboom_ws/install/yahboom_rosmaster_bringup:/home/mo/yahboom_ws/install/mecanum_drive_controller:/opt/ros/humble'), ('SHELL', '/bin/bash'), ('LC_NAME', 'lzh_TW'), ('QT_ACCESSIBILITY', '1'), ('GDMSESSION', 'ubuntu'), ('LESSCLOSE', '/usr/bin/lesspipe %s %s'), ('LC_MEASUREMENT', 'lzh_TW'), ('GPG_AGENT_INFO', '/run/user/1000/gnupg/S.gpg-agent:0:1'), ('LC_IDENTIFICATION', 'lzh_TW'), ('QT_IM_MODULE', 'ibus'), ('PWD', '/home/mo/yahboom_ws/build/yahboom_rosmaster_msgs'), ('XDG_CONFIG_DIRS', '/etc/xdg/xdg-ubuntu:/etc/xdg'), ('XDG_DATA_DIRS', '/usr/share/ubuntu:/usr/share/gnome:/usr/local/share/:/usr/share/:/var/lib/snapd/desktop'), ('PYTHONPATH', '/home/mo/yahboom_ws/install/yahboom_rosmaster_navigation/local/lib/python3.10/dist-packages:/home/mo/yahboom_ws/install/yahboom_rosmaster_msgs/local/lib/python3.10/dist-packages:/opt/ros/humble/lib/python3.10/site-packages:/opt/ros/humble/local/lib/python3.10/dist-packages'), ('LC_NUMERIC', 'lzh_TW'), ('LC_PAPER', 'lzh_TW'), ('COLCON', '1'), ('VTE_VERSION', '6800'), ('CMAKE_PREFIX_PATH', '/home/mo/yahboom_ws/install/yahboom_rosmaster:/home/mo/yahboom_ws/install/yahboom_rosmaster_system_tests:/home/mo/yahboom_ws/install/yahboom_rosmaster_navigation:/home/mo/yahboom_ws/install/yahboom_rosmaster_msgs:/home/mo/yahboom_ws/install/yahboom_rosmaster_localization:/home/mo/yahboom_ws/install/yahboom_rosmaster_gazebo:/home/mo/yahboom_ws/install/yahboom_rosmaster_description:/home/mo/yahboom_ws/install/yahboom_rosmaster_bringup:/home/mo/yahboom_ws/install/mecanum_drive_controller:/opt/ros/humble')]), 'shell': False}
[14.505962] (-) TimerEvent: {}
[14.555558] (yahboom_rosmaster_msgs) StdoutLine: {'line': b'[  2%] \x1b[34m\x1b[1mGenerating C++ code for ROS interfaces\x1b[0m\n'}
[14.606084] (-) TimerEvent: {}
[14.706377] (-) TimerEvent: {}
[14.807267] (-) TimerEvent: {}
[14.908762] (-) TimerEvent: {}
[14.944688] (yahboom_rosmaster_navigation) StdoutLine: {'line': b'-- Looking for pthread.h - found\n'}
[14.947380] (yahboom_rosmaster_navigation) StdoutLine: {'line': b'-- Performing Test CMAKE_HAVE_LIBC_PTHREAD\n'}
[14.962124] (yahboom_rosmaster_gazebo) StdoutLine: {'line': b'-- Looking for pthread.h - found\n'}
[14.962280] (yahboom_rosmaster_gazebo) StdoutLine: {'line': b'-- Performing Test CMAKE_HAVE_LIBC_PTHREAD\n'}
[14.973816] (yahboom_rosmaster_docking) StdoutLine: {'line': b'-- Looking for pthread.h - found\n'}
[14.973973] (yahboom_rosmaster_docking) StdoutLine: {'line': b'-- Performing Test CMAKE_HAVE_LIBC_PTHREAD\n'}
[15.008892] (-) TimerEvent: {}
[15.109843] (-) TimerEvent: {}
[15.204200] (yahboom_rosmaster_navigation) StdoutLine: {'line': b'-- Performing Test CMAKE_HAVE_LIBC_PTHREAD - Success\n'}
[15.204967] (yahboom_rosmaster_docking) StdoutLine: {'line': b'-- Performing Test CMAKE_HAVE_LIBC_PTHREAD - Success\n'}
[15.205806] (yahboom_rosmaster_navigation) StdoutLine: {'line': b'-- Found Threads: TRUE  \n'}
[15.209432] (yahboom_rosmaster_docking) StdoutLine: {'line': b'-- Found Threads: TRUE  \n'}
[15.210137] (-) TimerEvent: {}
[15.215926] (yahboom_rosmaster_gazebo) StdoutLine: {'line': b'-- Performing Test CMAKE_HAVE_LIBC_PTHREAD - Success\n'}
[15.217257] (yahboom_rosmaster_gazebo) StdoutLine: {'line': b'-- Found Threads: TRUE  \n'}
[15.310227] (-) TimerEvent: {}
[15.410486] (-) TimerEvent: {}
[15.510756] (-) TimerEvent: {}
[15.611519] (yahboom_rosmaster_docking) StdoutLine: {'line': b'-- Found rclpy: 3.3.20 (/opt/ros/humble/share/rclpy/cmake)\n'}
[15.611672] (-) TimerEvent: {}
[15.612849] (yahboom_rosmaster_navigation) StdoutLine: {'line': b'-- Found rclpy: 3.3.20 (/opt/ros/humble/share/rclpy/cmake)\n'}
[15.711863] (-) TimerEvent: {}
[15.725050] (yahboom_rosmaster_navigation) StdoutLine: {'line': b'-- Found slam_toolbox: 2.6.10 (/opt/ros/humble/share/slam_toolbox/cmake)\n'}
[15.761740] (yahboom_rosmaster_docking) StdoutLine: {'line': b'-- Found apriltag_ros: 3.3.0 (/opt/ros/humble/share/apriltag_ros/cmake)\n'}
[15.812042] (-) TimerEvent: {}
[15.859845] (yahboom_rosmaster_docking) StdoutLine: {'line': b'-- Found apriltag_msgs: 2.0.1 (/opt/ros/humble/share/apriltag_msgs/cmake)\n'}
[15.886617] (yahboom_rosmaster_msgs) StdoutLine: {'line': b'[  2%] Built target yahboom_rosmaster_msgs__cpp\n'}
[15.912150] (-) TimerEvent: {}
[15.937440] (yahboom_rosmaster_msgs) StdoutLine: {'line': b'[  2%] Built target ament_cmake_python_copy_yahboom_rosmaster_msgs\n'}
[15.959813] (yahboom_rosmaster_msgs) StdoutLine: {'line': b'[  5%] \x1b[34m\x1b[1mGenerating C++ type support for eProsima Fast-RTPS\x1b[0m\n'}
[16.012683] (-) TimerEvent: {}
[16.092008] (yahboom_rosmaster_docking) StdoutLine: {'line': b'-- Configuring incomplete, errors occurred!\n'}
[16.092165] (yahboom_rosmaster_docking) StdoutLine: {'line': b'See also "/home/mo/yahboom_ws/build/yahboom_rosmaster_docking/CMakeFiles/CMakeOutput.log".\n'}
[16.093818] (yahboom_rosmaster_docking) StderrLine: {'line': b'\x1b[31mCMake Error at CMakeLists.txt:16 (find_package):\n'}
[16.094037] (yahboom_rosmaster_docking) StderrLine: {'line': b'  By not providing "Findimage_proc.cmake" in CMAKE_MODULE_PATH this project\n'}
[16.094953] (yahboom_rosmaster_docking) StderrLine: {'line': b'  has asked CMake to find a package configuration file provided by\n'}
[16.095025] (yahboom_rosmaster_docking) StderrLine: {'line': b'  "image_proc", but CMake did not find one.\n'}
[16.095087] (yahboom_rosmaster_docking) StderrLine: {'line': b'\n'}
[16.095212] (yahboom_rosmaster_docking) StderrLine: {'line': b'  Could not find a package configuration file provided by "image_proc" with\n'}
[16.095274] (yahboom_rosmaster_docking) StderrLine: {'line': b'  any of the following names:\n'}
[16.095331] (yahboom_rosmaster_docking) StderrLine: {'line': b'\n'}
[16.095665] (yahboom_rosmaster_docking) StderrLine: {'line': b'    image_procConfig.cmake\n'}
[16.095734] (yahboom_rosmaster_docking) StderrLine: {'line': b'    image_proc-config.cmake\n'}
[16.095803] (yahboom_rosmaster_docking) StderrLine: {'line': b'\n'}
[16.095860] (yahboom_rosmaster_docking) StderrLine: {'line': b'  Add the installation prefix of "image_proc" to CMAKE_PREFIX_PATH or set\n'}
[16.095918] (yahboom_rosmaster_docking) StderrLine: {'line': b'  "image_proc_DIR" to a directory containing one of the above files.  If\n'}
[16.095975] (yahboom_rosmaster_docking) StderrLine: {'line': b'  "image_proc" provides a separate development package or SDK, be sure it has\n'}
[16.096033] (yahboom_rosmaster_docking) StderrLine: {'line': b'  been installed.\n'}
[16.096089] (yahboom_rosmaster_docking) StderrLine: {'line': b'\n'}
[16.096145] (yahboom_rosmaster_docking) StderrLine: {'line': b'\x1b[0m\n'}
[16.110935] (yahboom_rosmaster_docking) CommandEnded: {'returncode': 1}
[16.112988] (-) TimerEvent: {}
[16.134612] (yahboom_rosmaster_docking) JobEnded: {'identifier': 'yahboom_rosmaster_docking', 'rc': 1}
[16.213105] (-) TimerEvent: {}
[16.313508] (-) TimerEvent: {}
[16.409467] (yahboom_rosmaster_gazebo) StdoutLine: {'line': b'-- Found gz_ros2_control: 0.7.18 (/opt/ros/humble/share/gz_ros2_control/cmake)\n'}
[16.413667] (-) TimerEvent: {}
[16.514234] (-) TimerEvent: {}
[16.615105] (-) TimerEvent: {}
[16.714883] (yahboom_rosmaster_gazebo) StdoutLine: {'line': b'-- Found ros_gz: 0.244.22 (/opt/ros/humble/share/ros_gz/cmake)\n'}
[16.715591] (-) TimerEvent: {}
[16.731583] (yahboom_rosmaster_gazebo) StdoutLine: {'line': b'-- Found ros_gz_bridge: 0.244.22 (/opt/ros/humble/share/ros_gz_bridge/cmake)\n'}
[16.815687] (-) TimerEvent: {}
[16.917156] (-) TimerEvent: {}
[16.935618] (yahboom_rosmaster_msgs) StdoutLine: {'line': b'[  7%] \x1b[32mBuilding CXX object CMakeFiles/yahboom_rosmaster_msgs__rosidl_typesupport_fastrtps_cpp.dir/rosidl_typesupport_fastrtps_cpp/yahboom_rosmaster_msgs/action/detail/dds_fastrtps/timed_rotation__type_support.cpp.o\x1b[0m\n'}
[17.017263] (-) TimerEvent: {}
[17.117532] (-) TimerEvent: {}
[17.217912] (-) TimerEvent: {}
[17.318190] (-) TimerEvent: {}
[17.418603] (-) TimerEvent: {}
[17.518866] (-) TimerEvent: {}
[17.619127] (-) TimerEvent: {}
[17.719390] (-) TimerEvent: {}
[17.819736] (-) TimerEvent: {}
[17.920006] (-) TimerEvent: {}
[18.020375] (-) TimerEvent: {}
[18.120592] (-) TimerEvent: {}
[18.220953] (-) TimerEvent: {}
[18.321486] (-) TimerEvent: {}
[18.421772] (-) TimerEvent: {}
[18.522054] (-) TimerEvent: {}
[18.623701] (-) TimerEvent: {}
[18.724005] (-) TimerEvent: {}
[18.824266] (-) TimerEvent: {}
[18.924550] (-) TimerEvent: {}
[19.014568] (yahboom_rosmaster_navigation) StdoutLine: {'line': b'-- Found eigen3_cmake_module: 0.1.1 (/opt/ros/humble/share/eigen3_cmake_module/cmake)\n'}
[19.017645] (yahboom_rosmaster_gazebo) StdoutLine: {'line': b'-- Found Protobuf: /usr/lib/x86_64-linux-gnu/libprotobuf.so (found suitable version "3.12.4", minimum required is "3") \n'}
[19.024621] (-) TimerEvent: {}
[19.068598] (yahboom_rosmaster_navigation) StdoutLine: {'line': b'-- Found Eigen3: TRUE (found version "3.4.0") \n'}
[19.068762] (yahboom_rosmaster_navigation) StdoutLine: {'line': b'-- Ensuring Eigen3 include directory is part of orocos-kdl CMake target\n'}
[19.124745] (-) TimerEvent: {}
[19.225047] (-) TimerEvent: {}
[19.325578] (-) TimerEvent: {}
[19.425997] (-) TimerEvent: {}
[19.434425] (yahboom_rosmaster_gazebo) StdoutLine: {'line': b'-- Found Protobuf: /usr/lib/x86_64-linux-gnu/libprotobuf.so (found version "3.12.4") \n'}
[19.526092] (-) TimerEvent: {}
[19.626586] (-) TimerEvent: {}
[19.727064] (-) TimerEvent: {}
[19.827335] (-) TimerEvent: {}
[19.927711] (-) TimerEvent: {}
[20.028125] (-) TimerEvent: {}
[20.128790] (-) TimerEvent: {}
[20.229187] (-) TimerEvent: {}
[20.329450] (-) TimerEvent: {}
[20.429890] (-) TimerEvent: {}
[20.530477] (-) TimerEvent: {}
[20.630771] (-) TimerEvent: {}
[20.731069] (-) TimerEvent: {}
[20.831517] (-) TimerEvent: {}
[20.931823] (-) TimerEvent: {}
[21.032114] (-) TimerEvent: {}
[21.072961] (yahboom_rosmaster_navigation) StdoutLine: {'line': b"-- Setting assimp_DIR to: '/opt/ros/humble/share/rviz_assimp_vendor/cmake/../../../opt/rviz_assimp_vendor/lib/cmake/assimp-4.1'\n"}
[21.132325] (-) TimerEvent: {}
[21.232620] (-) TimerEvent: {}
[21.333152] (-) TimerEvent: {}
[21.384702] (yahboom_rosmaster_navigation) StdoutLine: {'line': b"-- Setting OGRE_DIR to: '/opt/ros/humble/share/rviz_ogre_vendor/cmake/../../../opt/rviz_ogre_vendor/lib/OGRE/cmake'\n"}
[21.433255] (-) TimerEvent: {}
[21.461771] (yahboom_rosmaster_navigation) StdoutLine: {'line': b'-- Found OGRE\n'}
[21.462902] (yahboom_rosmaster_navigation) StdoutLine: {'line': b'--   static     : OFF\n'}
[21.463071] (yahboom_rosmaster_navigation) StdoutLine: {'line': b'--   components : HLMS;MeshLodGenerator;Overlay;Paging;Property;RTShaderSystem;Terrain;Volume\n'}
[21.463193] (yahboom_rosmaster_navigation) StdoutLine: {'line': b'--   plugins    : Plugin_BSPSceneManager;Plugin_OctreeSceneManager;Plugin_PCZSceneManager;Plugin_ParticleFX;RenderSystem_GL;RenderSystem_GL3Plus;Codec_STBI\n'}
[21.463273] (yahboom_rosmaster_navigation) StdoutLine: {'line': b'--   media      : /opt/ros/humble/opt/rviz_ogre_vendor/share/OGRE/Media\n'}
[21.463345] (yahboom_rosmaster_navigation) StdoutLine: {'line': b'-- OGRE_LIBRARIES: OgreHLMS;OgreMeshLodGenerator;OgreOverlay;OgrePaging;OgreProperty;OgreRTShaderSystem;OgreTerrain;OgreVolume;OgreMain\n'}
[21.463416] (yahboom_rosmaster_navigation) StdoutLine: {'line': b'-- OGRE_LIBRARY_DIRS: /opt/ros/humble/opt/rviz_ogre_vendor/lib\n'}
[21.463485] (yahboom_rosmaster_navigation) StdoutLine: {'line': b'-- OGRE_PLUGINS: Plugin_BSPSceneManager;Plugin_OctreeSceneManager;Plugin_PCZSceneManager;Plugin_ParticleFX;RenderSystem_GL;RenderSystem_GL3Plus;Codec_STBI\n'}
[21.463565] (yahboom_rosmaster_navigation) StdoutLine: {'line': b'-- OGRE_PLUGIN_DIR: /opt/ros/humble/opt/rviz_ogre_vendor/lib/OGRE\n'}
[21.474248] (yahboom_rosmaster_navigation) StdoutLine: {'line': b'-- rviz_ogre_vendor::OgreOverlay for IMPORTED_LOCATION_RELEASE: /opt/ros/humble/opt/rviz_ogre_vendor/lib/libOgreOverlay.so\n'}
[21.474438] (yahboom_rosmaster_navigation) StdoutLine: {'line': b'-- rviz_ogre_vendor::OgreOverlay for IMPORTED_LOCATION_DEBUG: /opt/ros/humble/opt/rviz_ogre_vendor/lib/libOgreOverlay.so\n'}
[21.474639] (yahboom_rosmaster_navigation) StdoutLine: {'line': b'-- rviz_ogre_vendor::OgreMain for IMPORTED_LOCATION_RELEASE: /opt/ros/humble/opt/rviz_ogre_vendor/lib/libOgreMain.so\n'}
[21.474766] (yahboom_rosmaster_navigation) StdoutLine: {'line': b'-- rviz_ogre_vendor::OgreMain for IMPORTED_LOCATION_DEBUG: /opt/ros/humble/opt/rviz_ogre_vendor/lib/libOgreMain.so\n'}
[21.477121] (yahboom_rosmaster_navigation) StdoutLine: {'line': b'-- Could not find freeimage library\n'}
[21.533354] (-) TimerEvent: {}
[21.633746] (-) TimerEvent: {}
[21.720991] (yahboom_rosmaster_navigation) StdoutLine: {'line': b'-- Found ZLIB: /usr/lib/x86_64-linux-gnu/libz.so (found version "1.2.11") \n'}
[21.733849] (-) TimerEvent: {}
[21.809619] (yahboom_rosmaster_navigation) StdoutLine: {'line': b'-- Found OpenGL: /usr/lib/x86_64-linux-gnu/libOpenGL.so   \n'}
[21.833950] (-) TimerEvent: {}
[21.934333] (-) TimerEvent: {}
[22.035411] (-) TimerEvent: {}
[22.135952] (-) TimerEvent: {}
[22.236420] (-) TimerEvent: {}
[22.301198] (yahboom_rosmaster_gazebo) StdoutLine: {'line': b'-- Found ros_gz_image: 0.244.22 (/opt/ros/humble/share/ros_gz_image/cmake)\n'}
[22.337096] (-) TimerEvent: {}
[22.431425] (yahboom_rosmaster_gazebo) StdoutLine: {'line': b'-- Found ros_gz_sim: 0.244.22 (/opt/ros/humble/share/ros_gz_sim/cmake)\n'}
[22.437221] (-) TimerEvent: {}
[22.505692] (yahboom_rosmaster_navigation) StdoutLine: {'line': b'-- Found X11: /usr/include   \n'}
[22.536233] (yahboom_rosmaster_navigation) StdoutLine: {'line': b'-- Looking for XOpenDisplay in /usr/lib/x86_64-linux-gnu/libX11.so;/usr/lib/x86_64-linux-gnu/libXext.so\n'}
[22.537310] (-) TimerEvent: {}
[22.637789] (-) TimerEvent: {}
[22.738566] (-) TimerEvent: {}
[22.782388] (yahboom_rosmaster_gazebo) StdoutLine: {'line': b'-- Found ros2_control: 2.53.1 (/opt/ros/humble/share/ros2_control/cmake)\n'}
[22.838662] (-) TimerEvent: {}
[22.890894] (yahboom_rosmaster_gazebo) StdoutLine: {'line': b'-- Found ros2_controllers: 2.52.1 (/opt/ros/humble/share/ros2_controllers/cmake)\n'}
[22.938831] (-) TimerEvent: {}
[22.961082] (yahboom_rosmaster_gazebo) StdoutLine: {'line': b'-- Found xacro: 2.1.1 (/opt/ros/humble/share/xacro/cmake)\n'}
[22.988998] (yahboom_rosmaster_gazebo) StdoutLine: {'line': b'-- Found ament_lint_auto: 0.12.15 (/opt/ros/humble/share/ament_lint_auto/cmake)\n'}
[23.039256] (-) TimerEvent: {}
[23.097716] (yahboom_rosmaster_navigation) StdoutLine: {'line': b'-- Looking for XOpenDisplay in /usr/lib/x86_64-linux-gnu/libX11.so;/usr/lib/x86_64-linux-gnu/libXext.so - found\n'}
[23.097912] (yahboom_rosmaster_navigation) StdoutLine: {'line': b'-- Looking for gethostbyname\n'}
[23.139351] (-) TimerEvent: {}
[23.239707] (-) TimerEvent: {}
[23.240191] (yahboom_rosmaster_gazebo) StdoutLine: {'line': b"-- Added test 'flake8' to check Python code syntax and style conventions\n"}
[23.244933] (yahboom_rosmaster_navigation) StdoutLine: {'line': b'-- Looking for gethostbyname - found\n'}
[23.245104] (yahboom_rosmaster_navigation) StdoutLine: {'line': b'-- Looking for connect\n'}
[23.262367] (yahboom_rosmaster_gazebo) StdoutLine: {'line': b"-- Added test 'lint_cmake' to check CMake code style\n"}
[23.272588] (yahboom_rosmaster_gazebo) StdoutLine: {'line': b"-- Added test 'pep257' to check Python code against some of the docstring style conventions in PEP 257\n"}
[23.340071] (-) TimerEvent: {}
[23.364623] (yahboom_rosmaster_gazebo) StdoutLine: {'line': b"-- Added test 'xmllint' to check XML markup files\n"}
[23.367111] (yahboom_rosmaster_gazebo) StdoutLine: {'line': b'-- Configuring done\n'}
[23.378880] (yahboom_rosmaster_gazebo) StdoutLine: {'line': b'-- Generating done\n'}
[23.403046] (yahboom_rosmaster_gazebo) StdoutLine: {'line': b'-- Build files have been written to: /home/mo/yahboom_ws/build/yahboom_rosmaster_gazebo\n'}
[23.426297] (yahboom_rosmaster_gazebo) JobEnded: {'identifier': 'yahboom_rosmaster_gazebo', 'rc': 'SIGINT'}
[23.440217] (-) TimerEvent: {}
[23.540476] (-) TimerEvent: {}
[23.585044] (yahboom_rosmaster_navigation) StdoutLine: {'line': b'-- Looking for connect - found\n'}
[23.585224] (yahboom_rosmaster_navigation) StdoutLine: {'line': b'-- Looking for remove\n'}
[23.640650] (-) TimerEvent: {}
[23.741185] (-) TimerEvent: {}
[23.769039] (yahboom_rosmaster_navigation) StdoutLine: {'line': b'-- Looking for remove - found\n'}
[23.769213] (yahboom_rosmaster_navigation) StdoutLine: {'line': b'-- Looking for shmat\n'}
[23.841278] (-) TimerEvent: {}
[23.941814] (-) TimerEvent: {}
[23.960495] (yahboom_rosmaster_navigation) StdoutLine: {'line': b'-- Looking for shmat - found\n'}
[23.960804] (yahboom_rosmaster_navigation) StdoutLine: {'line': b'-- Looking for IceConnectionNumber in ICE\n'}
[24.041993] (-) TimerEvent: {}
[24.100434] (yahboom_rosmaster_navigation) StdoutLine: {'line': b'-- Looking for IceConnectionNumber in ICE - found\n'}
[24.142461] (-) TimerEvent: {}
[24.242981] (-) TimerEvent: {}
[24.343805] (-) TimerEvent: {}
[24.444522] (-) TimerEvent: {}
[24.540738] (yahboom_rosmaster_navigation) StdoutLine: {'line': b'-- library: /usr/lib/x86_64-linux-gnu/libcurl.so\n'}
[24.544632] (-) TimerEvent: {}
[24.644931] (-) TimerEvent: {}
[24.728004] (yahboom_rosmaster_msgs) StdoutLine: {'line': b'[ 10%] \x1b[32mBuilding CXX object CMakeFiles/yahboom_rosmaster_msgs__rosidl_typesupport_fastrtps_cpp.dir/rosidl_typesupport_fastrtps_cpp/yahboom_rosmaster_msgs/srv/detail/dds_fastrtps/set_cleaning_state__type_support.cpp.o\x1b[0m\n'}
[24.745025] (-) TimerEvent: {}
[24.845281] (-) TimerEvent: {}
[24.945812] (-) TimerEvent: {}
[25.046453] (-) TimerEvent: {}
[25.147166] (-) TimerEvent: {}
[25.233592] (yahboom_rosmaster_msgs) StdoutLine: {'line': b'[ 12%] \x1b[32m\x1b[1mLinking CXX shared library libyahboom_rosmaster_msgs__rosidl_typesupport_fastrtps_cpp.so\x1b[0m\n'}
[25.247263] (-) TimerEvent: {}
[25.347929] (-) TimerEvent: {}
[25.448202] (-) TimerEvent: {}
[25.462837] (yahboom_rosmaster_msgs) StdoutLine: {'line': b'[ 12%] Built target yahboom_rosmaster_msgs__rosidl_typesupport_fastrtps_cpp\n'}
[25.494822] (yahboom_rosmaster_msgs) StdoutLine: {'line': b'[ 15%] \x1b[34m\x1b[1mGenerating C++ introspection for ROS interfaces\x1b[0m\n'}
[25.548329] (-) TimerEvent: {}
[25.649222] (-) TimerEvent: {}
[25.751100] (-) TimerEvent: {}
[25.851359] (-) TimerEvent: {}
[25.951596] (-) TimerEvent: {}
[26.052240] (-) TimerEvent: {}
[26.152592] (-) TimerEvent: {}
[26.253698] (yahboom_rosmaster_msgs) StdoutLine: {'line': b'[ 17%] \x1b[32mBuilding CXX object CMakeFiles/yahboom_rosmaster_msgs__rosidl_typesupport_introspection_cpp.dir/rosidl_typesupport_introspection_cpp/yahboom_rosmaster_msgs/action/detail/timed_rotation__type_support.cpp.o\x1b[0m\n'}
[26.253859] (-) TimerEvent: {}
[26.273631] (yahboom_rosmaster_navigation) StdoutLine: {'line': b'-- Found ament_lint_auto: 0.12.15 (/opt/ros/humble/share/ament_lint_auto/cmake)\n'}
[26.354573] (-) TimerEvent: {}
[26.404436] (yahboom_rosmaster_navigation) StdoutLine: {'line': b"-- Added test 'cppcheck' to perform static code analysis on C / C++ code\n"}
[26.404695] (yahboom_rosmaster_navigation) StdoutLine: {'line': b'-- Configured cppcheck include dirs: \n'}
[26.404791] (yahboom_rosmaster_navigation) StdoutLine: {'line': b'-- Configured cppcheck exclude dirs and/or files: \n'}
[26.405993] (yahboom_rosmaster_navigation) StdoutLine: {'line': b"-- Added test 'flake8' to check Python code syntax and style conventions\n"}
[26.407487] (yahboom_rosmaster_navigation) StdoutLine: {'line': b"-- Added test 'lint_cmake' to check CMake code style\n"}
[26.408536] (yahboom_rosmaster_navigation) StdoutLine: {'line': b"-- Added test 'pep257' to check Python code against some of the docstring style conventions in PEP 257\n"}
[26.411466] (yahboom_rosmaster_navigation) StdoutLine: {'line': b"-- Added test 'uncrustify' to check C / C++ code style\n"}
[26.411648] (yahboom_rosmaster_navigation) StdoutLine: {'line': b'-- Configured uncrustify additional arguments: \n'}
[26.412658] (yahboom_rosmaster_navigation) StdoutLine: {'line': b"-- Added test 'xmllint' to check XML markup files\n"}
[26.415901] (yahboom_rosmaster_navigation) StdoutLine: {'line': b'-- Configuring done\n'}
[26.437064] (yahboom_rosmaster_navigation) StdoutLine: {'line': b'-- Generating done\n'}
[26.446078] (yahboom_rosmaster_navigation) StdoutLine: {'line': b'-- Build files have been written to: /home/mo/yahboom_ws/build/yahboom_rosmaster_navigation\n'}
[26.454788] (-) TimerEvent: {}
[26.465822] (yahboom_rosmaster_navigation) JobEnded: {'identifier': 'yahboom_rosmaster_navigation', 'rc': 'SIGINT'}
[26.554882] (-) TimerEvent: {}
[26.655159] (-) TimerEvent: {}
[26.755427] (-) TimerEvent: {}
[26.855727] (-) TimerEvent: {}
[26.956204] (-) TimerEvent: {}
[27.056645] (-) TimerEvent: {}
[27.157077] (-) TimerEvent: {}
[27.257594] (-) TimerEvent: {}
[27.358130] (-) TimerEvent: {}
[27.453149] (yahboom_rosmaster_msgs) StdoutLine: {'line': b'[ 20%] \x1b[32mBuilding CXX object CMakeFiles/yahboom_rosmaster_msgs__rosidl_typesupport_introspection_cpp.dir/rosidl_typesupport_introspection_cpp/yahboom_rosmaster_msgs/srv/detail/set_cleaning_state__type_support.cpp.o\x1b[0m\n'}
[27.458227] (-) TimerEvent: {}
[27.558694] (-) TimerEvent: {}
[27.662725] (-) TimerEvent: {}
[27.762976] (-) TimerEvent: {}
[27.863238] (-) TimerEvent: {}
[27.919416] (yahboom_rosmaster_msgs) StdoutLine: {'line': b'[ 23%] \x1b[32m\x1b[1mLinking CXX shared library libyahboom_rosmaster_msgs__rosidl_typesupport_introspection_cpp.so\x1b[0m\n'}
[27.963352] (-) TimerEvent: {}
[28.066586] (yahboom_rosmaster_msgs) StdoutLine: {'line': b'[ 23%] Built target yahboom_rosmaster_msgs__rosidl_typesupport_introspection_cpp\n'}
[28.066758] (-) TimerEvent: {}
[28.167411] (-) TimerEvent: {}
[28.267679] (-) TimerEvent: {}
[28.369617] (-) TimerEvent: {}
[28.385610] (yahboom_rosmaster_msgs) StdoutLine: {'line': b'running egg_info\n'}
[28.386210] (yahboom_rosmaster_msgs) StdoutLine: {'line': b'creating yahboom_rosmaster_msgs.egg-info\n'}
[28.386659] (yahboom_rosmaster_msgs) StdoutLine: {'line': b'writing yahboom_rosmaster_msgs.egg-info/PKG-INFO\n'}
[28.386777] (yahboom_rosmaster_msgs) StdoutLine: {'line': b'writing dependency_links to yahboom_rosmaster_msgs.egg-info/dependency_links.txt\n'}
[28.387194] (yahboom_rosmaster_msgs) StdoutLine: {'line': b'writing top-level names to yahboom_rosmaster_msgs.egg-info/top_level.txt\n'}
[28.387294] (yahboom_rosmaster_msgs) StdoutLine: {'line': b"writing manifest file 'yahboom_rosmaster_msgs.egg-info/SOURCES.txt'\n"}
[28.389901] (yahboom_rosmaster_msgs) StdoutLine: {'line': b"reading manifest file 'yahboom_rosmaster_msgs.egg-info/SOURCES.txt'\n"}
[28.390476] (yahboom_rosmaster_msgs) StdoutLine: {'line': b"writing manifest file 'yahboom_rosmaster_msgs.egg-info/SOURCES.txt'\n"}
[28.431728] (yahboom_rosmaster_msgs) StdoutLine: {'line': b'[ 23%] Built target ament_cmake_python_build_yahboom_rosmaster_msgs_egg\n'}
[28.447052] (yahboom_rosmaster_msgs) StdoutLine: {'line': b'[ 25%] \x1b[34m\x1b[1mGenerating C++ type support dispatch for ROS interfaces\x1b[0m\n'}
[28.469942] (-) TimerEvent: {}
[28.570230] (-) TimerEvent: {}
[28.670749] (-) TimerEvent: {}
[28.771014] (-) TimerEvent: {}
[28.871306] (-) TimerEvent: {}
[28.971695] (-) TimerEvent: {}
[29.061249] (yahboom_rosmaster_msgs) StdoutLine: {'line': b'[ 28%] \x1b[32mBuilding CXX object CMakeFiles/yahboom_rosmaster_msgs__rosidl_typesupport_cpp.dir/rosidl_typesupport_cpp/yahboom_rosmaster_msgs/action/timed_rotation__type_support.cpp.o\x1b[0m\n'}
[29.071819] (-) TimerEvent: {}
[29.172282] (-) TimerEvent: {}
[29.272596] (-) TimerEvent: {}
[29.372881] (-) TimerEvent: {}
[29.473469] (-) TimerEvent: {}
[29.574050] (-) TimerEvent: {}
[29.674491] (-) TimerEvent: {}
[29.763758] (yahboom_rosmaster_msgs) StdoutLine: {'line': b'[ 30%] \x1b[32mBuilding CXX object CMakeFiles/yahboom_rosmaster_msgs__rosidl_typesupport_cpp.dir/rosidl_typesupport_cpp/yahboom_rosmaster_msgs/srv/set_cleaning_state__type_support.cpp.o\x1b[0m\n'}
[29.774591] (-) TimerEvent: {}
[29.875734] (-) TimerEvent: {}
[29.976007] (-) TimerEvent: {}
[30.076285] (-) TimerEvent: {}
[30.129585] (yahboom_rosmaster_msgs) StdoutLine: {'line': b'[ 33%] \x1b[32m\x1b[1mLinking CXX shared library libyahboom_rosmaster_msgs__rosidl_typesupport_cpp.so\x1b[0m\n'}
[30.176524] (-) TimerEvent: {}
[30.219678] (yahboom_rosmaster_msgs) StdoutLine: {'line': b'[ 33%] Built target yahboom_rosmaster_msgs__rosidl_typesupport_cpp\n'}
[30.232000] (yahboom_rosmaster_msgs) StdoutLine: {'line': b'[ 35%] \x1b[34m\x1b[1mGenerating C code for ROS interfaces\x1b[0m\n'}
[30.276809] (-) TimerEvent: {}
[30.377193] (-) TimerEvent: {}
[30.477465] (-) TimerEvent: {}
[30.577997] (-) TimerEvent: {}
[30.678587] (-) TimerEvent: {}
[30.781590] (-) TimerEvent: {}
[30.881843] (-) TimerEvent: {}
[30.982085] (-) TimerEvent: {}
[31.082341] (-) TimerEvent: {}
[31.182796] (-) TimerEvent: {}
[31.267886] (yahboom_rosmaster_msgs) StdoutLine: {'line': b'[ 38%] \x1b[32mBuilding C object CMakeFiles/yahboom_rosmaster_msgs__rosidl_generator_c.dir/rosidl_generator_c/yahboom_rosmaster_msgs/action/detail/timed_rotation__functions.c.o\x1b[0m\n'}
[31.283021] (-) TimerEvent: {}
[31.383896] (-) TimerEvent: {}
[31.484155] (-) TimerEvent: {}
[31.584426] (-) TimerEvent: {}
[31.688595] (-) TimerEvent: {}
[31.788862] (-) TimerEvent: {}
[31.794079] (yahboom_rosmaster_msgs) StdoutLine: {'line': b'[ 41%] \x1b[32mBuilding C object CMakeFiles/yahboom_rosmaster_msgs__rosidl_generator_c.dir/rosidl_generator_c/yahboom_rosmaster_msgs/srv/detail/set_cleaning_state__functions.c.o\x1b[0m\n'}
[31.884289] (yahboom_rosmaster_msgs) StdoutLine: {'line': b'[ 43%] \x1b[32m\x1b[1mLinking C shared library libyahboom_rosmaster_msgs__rosidl_generator_c.so\x1b[0m\n'}
[31.888995] (-) TimerEvent: {}
[31.936460] (yahboom_rosmaster_msgs) StdoutLine: {'line': b'[ 43%] Built target yahboom_rosmaster_msgs__rosidl_generator_c\n'}
[31.953402] (yahboom_rosmaster_msgs) StdoutLine: {'line': b'[ 46%] \x1b[34m\x1b[1mGenerating C type support for eProsima Fast-RTPS\x1b[0m\n'}
[31.989088] (-) TimerEvent: {}
[32.089370] (-) TimerEvent: {}
[32.189856] (-) TimerEvent: {}
[32.290368] (-) TimerEvent: {}
[32.390624] (-) TimerEvent: {}
[32.491021] (-) TimerEvent: {}
[32.591532] (-) TimerEvent: {}
[32.691889] (-) TimerEvent: {}
[32.792249] (-) TimerEvent: {}
[32.801810] (yahboom_rosmaster_msgs) StdoutLine: {'line': b'[ 48%] \x1b[32mBuilding CXX object CMakeFiles/yahboom_rosmaster_msgs__rosidl_typesupport_fastrtps_c.dir/rosidl_typesupport_fastrtps_c/yahboom_rosmaster_msgs/action/detail/timed_rotation__type_support_c.cpp.o\x1b[0m\n'}
[32.892344] (-) TimerEvent: {}
[32.992748] (-) TimerEvent: {}
[33.092997] (-) TimerEvent: {}
[33.193259] (-) TimerEvent: {}
[33.293527] (-) TimerEvent: {}
[33.393987] (-) TimerEvent: {}
[33.414066] (yahboom_rosmaster_msgs) StdoutLine: {'line': b'[ 51%] \x1b[32mBuilding CXX object CMakeFiles/yahboom_rosmaster_msgs__rosidl_typesupport_fastrtps_c.dir/rosidl_typesupport_fastrtps_c/yahboom_rosmaster_msgs/srv/detail/set_cleaning_state__type_support_c.cpp.o\x1b[0m\n'}
[33.494117] (-) TimerEvent: {}
[33.594709] (-) TimerEvent: {}
[33.695192] (-) TimerEvent: {}
[33.795734] (-) TimerEvent: {}
[33.858719] (yahboom_rosmaster_msgs) StdoutLine: {'line': b'[ 53%] \x1b[32m\x1b[1mLinking CXX shared library libyahboom_rosmaster_msgs__rosidl_typesupport_fastrtps_c.so\x1b[0m\n'}
[33.895830] (-) TimerEvent: {}
[33.994114] (yahboom_rosmaster_msgs) StdoutLine: {'line': b'[ 53%] Built target yahboom_rosmaster_msgs__rosidl_typesupport_fastrtps_c\n'}
[33.995922] (-) TimerEvent: {}
[34.012469] (yahboom_rosmaster_msgs) StdoutLine: {'line': b'[ 56%] \x1b[34m\x1b[1mGenerating C type support dispatch for ROS interfaces\x1b[0m\n'}
[34.096009] (-) TimerEvent: {}
[34.196350] (-) TimerEvent: {}
[34.296585] (-) TimerEvent: {}
[34.398111] (-) TimerEvent: {}
[34.498433] (-) TimerEvent: {}
[34.584041] (yahboom_rosmaster_msgs) StdoutLine: {'line': b'[ 58%] \x1b[32mBuilding CXX object CMakeFiles/yahboom_rosmaster_msgs__rosidl_typesupport_c.dir/rosidl_typesupport_c/yahboom_rosmaster_msgs/action/timed_rotation__type_support.cpp.o\x1b[0m\n'}
[34.600628] (-) TimerEvent: {}
[34.700998] (-) TimerEvent: {}
[34.801673] (-) TimerEvent: {}
[34.839813] (yahboom_rosmaster_msgs) StdoutLine: {'line': b'[ 61%] \x1b[32mBuilding CXX object CMakeFiles/yahboom_rosmaster_msgs__rosidl_typesupport_c.dir/rosidl_typesupport_c/yahboom_rosmaster_msgs/srv/set_cleaning_state__type_support.cpp.o\x1b[0m\n'}
[34.892675] (yahboom_rosmaster_msgs) StdoutLine: {'line': b'[ 64%] \x1b[32m\x1b[1mLinking CXX shared library libyahboom_rosmaster_msgs__rosidl_typesupport_c.so\x1b[0m\n'}
[34.902143] (-) TimerEvent: {}
[34.959533] (yahboom_rosmaster_msgs) StdoutLine: {'line': b'[ 64%] Built target yahboom_rosmaster_msgs__rosidl_typesupport_c\n'}
[34.978881] (yahboom_rosmaster_msgs) StdoutLine: {'line': b'[ 66%] \x1b[34m\x1b[1mGenerating C introspection for ROS interfaces\x1b[0m\n'}
[35.002279] (-) TimerEvent: {}
[35.102701] (-) TimerEvent: {}
[35.203203] (-) TimerEvent: {}
[35.303987] (-) TimerEvent: {}
[35.404530] (-) TimerEvent: {}
[35.505976] (-) TimerEvent: {}
[35.606238] (-) TimerEvent: {}
[35.706499] (-) TimerEvent: {}
[35.757325] (yahboom_rosmaster_msgs) StdoutLine: {'line': b'[ 69%] \x1b[32mBuilding C object CMakeFiles/yahboom_rosmaster_msgs__rosidl_typesupport_introspection_c.dir/rosidl_typesupport_introspection_c/yahboom_rosmaster_msgs/action/detail/timed_rotation__type_support.c.o\x1b[0m\n'}
[35.806596] (-) TimerEvent: {}
[35.897403] (yahboom_rosmaster_msgs) StdoutLine: {'line': b'[ 71%] \x1b[32mBuilding C object CMakeFiles/yahboom_rosmaster_msgs__rosidl_typesupport_introspection_c.dir/rosidl_typesupport_introspection_c/yahboom_rosmaster_msgs/srv/detail/set_cleaning_state__type_support.c.o\x1b[0m\n'}
[35.906863] (-) TimerEvent: {}
[35.968652] (yahboom_rosmaster_msgs) StdoutLine: {'line': b'[ 74%] \x1b[32m\x1b[1mLinking C shared library libyahboom_rosmaster_msgs__rosidl_typesupport_introspection_c.so\x1b[0m\n'}
[36.009709] (-) TimerEvent: {}
[36.014334] (yahboom_rosmaster_msgs) StdoutLine: {'line': b'[ 74%] Built target yahboom_rosmaster_msgs__rosidl_typesupport_introspection_c\n'}
[36.041012] (yahboom_rosmaster_msgs) StdoutLine: {'line': b'[ 74%] Built target yahboom_rosmaster_msgs\n'}
[36.072118] (yahboom_rosmaster_msgs) StdoutLine: {'line': b'[ 76%] \x1b[34m\x1b[1mGenerating Python code for ROS interfaces\x1b[0m\n'}
[36.109815] (-) TimerEvent: {}
[36.210133] (-) TimerEvent: {}
[36.310617] (-) TimerEvent: {}
[36.411536] (-) TimerEvent: {}
[36.511970] (-) TimerEvent: {}
[36.612301] (-) TimerEvent: {}
[36.712844] (-) TimerEvent: {}
[36.813882] (-) TimerEvent: {}
[36.914141] (-) TimerEvent: {}
[37.014392] (-) TimerEvent: {}
[37.114756] (-) TimerEvent: {}
[37.215103] (-) TimerEvent: {}
[37.315733] (-) TimerEvent: {}
[37.415983] (-) TimerEvent: {}
[37.516857] (-) TimerEvent: {}
[37.618160] (-) TimerEvent: {}
[37.718440] (-) TimerEvent: {}
[37.724779] (yahboom_rosmaster_msgs) StdoutLine: {'line': b'[ 76%] Built target yahboom_rosmaster_msgs__py\n'}
[37.750311] (yahboom_rosmaster_msgs) StdoutLine: {'line': b'[ 79%] \x1b[32mBuilding C object CMakeFiles/yahboom_rosmaster_msgs__rosidl_generator_py.dir/rosidl_generator_py/yahboom_rosmaster_msgs/action/_timed_rotation_s.c.o\x1b[0m\n'}
[37.818766] (-) TimerEvent: {}
[37.919479] (-) TimerEvent: {}
[38.020558] (-) TimerEvent: {}
[38.121247] (-) TimerEvent: {}
[38.222314] (-) TimerEvent: {}
[38.322701] (-) TimerEvent: {}
[38.423575] (-) TimerEvent: {}
[38.523821] (-) TimerEvent: {}
[38.624197] (-) TimerEvent: {}
[38.724776] (-) TimerEvent: {}
[38.782017] (yahboom_rosmaster_msgs) StdoutLine: {'line': b'[ 82%] \x1b[32mBuilding C object CMakeFiles/yahboom_rosmaster_msgs__rosidl_generator_py.dir/rosidl_generator_py/yahboom_rosmaster_msgs/srv/_set_cleaning_state_s.c.o\x1b[0m\n'}
[38.824864] (-) TimerEvent: {}
[38.925292] (yahboom_rosmaster_msgs) StdoutLine: {'line': b'[ 84%] \x1b[32m\x1b[1mLinking C shared library rosidl_generator_py/yahboom_rosmaster_msgs/libyahboom_rosmaster_msgs__rosidl_generator_py.so\x1b[0m\n'}
[38.925448] (-) TimerEvent: {}
[38.988330] (yahboom_rosmaster_msgs) StdoutLine: {'line': b'[ 84%] Built target yahboom_rosmaster_msgs__rosidl_generator_py\n'}
[39.025736] (yahboom_rosmaster_msgs) StdoutLine: {'line': b'[ 87%] \x1b[32mBuilding C object CMakeFiles/yahboom_rosmaster_msgs__rosidl_typesupport_fastrtps_c__pyext.dir/rosidl_generator_py/yahboom_rosmaster_msgs/_yahboom_rosmaster_msgs_s.ep.rosidl_typesupport_fastrtps_c.c.o\x1b[0m\n'}
[39.025920] (-) TimerEvent: {}
[39.126889] (-) TimerEvent: {}
[39.211522] (yahboom_rosmaster_msgs) StdoutLine: {'line': b'[ 89%] \x1b[32m\x1b[1mLinking C shared library rosidl_generator_py/yahboom_rosmaster_msgs/yahboom_rosmaster_msgs_s__rosidl_typesupport_fastrtps_c.cpython-310-x86_64-linux-gnu.so\x1b[0m\n'}
[39.227341] (-) TimerEvent: {}
[39.283503] (yahboom_rosmaster_msgs) StdoutLine: {'line': b'[ 89%] Built target yahboom_rosmaster_msgs__rosidl_typesupport_fastrtps_c__pyext\n'}
[39.322865] (yahboom_rosmaster_msgs) StdoutLine: {'line': b'[ 92%] \x1b[32mBuilding C object CMakeFiles/yahboom_rosmaster_msgs__rosidl_typesupport_c__pyext.dir/rosidl_generator_py/yahboom_rosmaster_msgs/_yahboom_rosmaster_msgs_s.ep.rosidl_typesupport_c.c.o\x1b[0m\n'}
[39.327471] (-) TimerEvent: {}
[39.428596] (-) TimerEvent: {}
[39.508918] (yahboom_rosmaster_msgs) StdoutLine: {'line': b'[ 94%] \x1b[32m\x1b[1mLinking C shared library rosidl_generator_py/yahboom_rosmaster_msgs/yahboom_rosmaster_msgs_s__rosidl_typesupport_c.cpython-310-x86_64-linux-gnu.so\x1b[0m\n'}
[39.529416] (-) TimerEvent: {}
[39.574684] (yahboom_rosmaster_msgs) StdoutLine: {'line': b'[ 94%] Built target yahboom_rosmaster_msgs__rosidl_typesupport_c__pyext\n'}
[39.603375] (yahboom_rosmaster_msgs) StdoutLine: {'line': b'[ 97%] \x1b[32mBuilding C object CMakeFiles/yahboom_rosmaster_msgs__rosidl_typesupport_introspection_c__pyext.dir/rosidl_generator_py/yahboom_rosmaster_msgs/_yahboom_rosmaster_msgs_s.ep.rosidl_typesupport_introspection_c.c.o\x1b[0m\n'}
[39.629609] (-) TimerEvent: {}
[39.730750] (-) TimerEvent: {}
[39.791595] (yahboom_rosmaster_msgs) StdoutLine: {'line': b'[100%] \x1b[32m\x1b[1mLinking C shared library rosidl_generator_py/yahboom_rosmaster_msgs/yahboom_rosmaster_msgs_s__rosidl_typesupport_introspection_c.cpython-310-x86_64-linux-gnu.so\x1b[0m\n'}
[39.831224] (-) TimerEvent: {}
[39.848593] (yahboom_rosmaster_msgs) StdoutLine: {'line': b'[100%] Built target yahboom_rosmaster_msgs__rosidl_typesupport_introspection_c__pyext\n'}
[39.868148] (yahboom_rosmaster_msgs) JobEnded: {'identifier': 'yahboom_rosmaster_msgs', 'rc': 'SIGINT'}
[39.878773] (mecanum_drive_controller) JobSkipped: {'identifier': 'mecanum_drive_controller'}
[39.878875] (yahboom_rosmaster_system_tests) JobSkipped: {'identifier': 'yahboom_rosmaster_system_tests'}
[39.878987] (yahboom_rosmaster) JobSkipped: {'identifier': 'yahboom_rosmaster'}
[39.879012] (-) EventReactorShutdown: {}
